Place,Name,Bib,Division,Nation,Swim,Bike,Run,Race,Date,Location
1,Max Neumann,16,MPRO,AUS,02:04:44,01:14:35,03:21:08,Ironman 70.3 Xi'an,09/15/2019,"Xi'an, China
"
2,Aleksey Kalistratov,10,MPRO,RUS,02:06:26,01:13:16,03:21:58,Ironman 70.3 Xi'an,09/15/2019,"Xi'an, China
"
3,Paul Schuster,17,MPRO,DEU,02:05:29,01:15:34,03:23:08,Ironman 70.3 Xi'an,09/15/2019,"Xi'an, China
"
4,Taylor Reid,2,MPRO,CAN,02:05:44,01:16:03,03:23:45,Ironman 70.3 Xi'an,09/15/2019,"Xi'an, China
"
5,Levi Maxwell,13,MPRO,AUS,02:06:19,01:17:38,03:25:48,Ironman 70.3 Xi'an,09/15/2019,"Xi'an, China
"
6,Jakub Langhammer,12,MPRO,CZE,02:07:16,01:17:55,03:27:13,Ironman 70.3 Xi'an,09/15/2019,"Xi'an, China
"
7,Peter Jacobs,1,MPRO,AUS,02:06:30,01:19:27,03:28:11,Ironman 70.3 Xi'an,09/15/2019,"Xi'an, China
"
8,Elliot Bach,4,MPRO,USA,02:08:05,01:21:13,03:31:06,Ironman 70.3 Xi'an,09/15/2019,"Xi'an, China
"
9,Breno Melo,14,MPRO,USA,02:08:48,01:19:49,03:31:07,Ironman 70.3 Xi'an,09/15/2019,"Xi'an, China
"
10,Timothy Winslow,18,MPRO,USA,02:07:25,01:22:04,03:31:39,Ironman 70.3 Xi'an,09/15/2019,"Xi'an, China
"
1,Peng Cheng Li,52,M25-29,CHN,02:11:58,01:23:23,03:37:08,Ironman 70.3 Xi'an,09/15/2019,"Xi'an, China
"
1,Olivier Godart,145,M40-44,LUX,02:10:03,01:25:02,03:38:18,Ironman 70.3 Xi'an,09/15/2019,"Xi'an, China
"
1,Aivaz Omorkanov,137,M18-24,KGZ,02:14:30,01:23:17,03:40:17,Ironman 70.3 Xi'an,09/15/2019,"Xi'an, China
"
11,Blake Kappler,11,MPRO,AUS,02:07:32,01:32:07,03:41:39,Ironman 70.3 Xi'an,09/15/2019,"Xi'an, China
"
1,Yong Yu,290,M30-34,CHN,02:20:51,01:17:41,03:42:30,Ironman 70.3 Xi'an,09/15/2019,"Xi'an, China
"
12,Balazs Csoke,6,MPRO,HUN,02:13:32,01:27:03,03:42:49,Ironman 70.3 Xi'an,09/15/2019,"Xi'an, China
"
2,Rostyagaev Dmitry,301,M30-34,RUS,02:14:13,01:28:30,03:46:29,Ironman 70.3 Xi'an,09/15/2019,"Xi'an, China
"
3,Matthias Hoffmann,293,M30-34,DEU,02:23:27,01:19:29,03:47:21,Ironman 70.3 Xi'an,09/15/2019,"Xi'an, China
"
2,Andrew Stevenson,58,M40-44,CHN,02:18:50,01:25:57,03:48:03,Ironman 70.3 Xi'an,09/15/2019,"Xi'an, China
"
1,Kinsey Laine,28,FPRO,USA,02:18:48,01:27:44,03:48:39,Ironman 70.3 Xi'an,09/15/2019,"Xi'an, China
"
3,Maxim Zotov,56,M40-44,RUS,02:26:58,01:21:15,03:50:32,Ironman 70.3 Xi'an,09/15/2019,"Xi'an, China
"
4,Yanlong Kai,153,M30-34,CHN,02:24:25,01:23:56,03:51:45,Ironman 70.3 Xi'an,09/15/2019,"Xi'an, China
"
13,Shen Yen Hsieh,9,MPRO,TWN,02:23:31,01:25:10,03:51:57,Ironman 70.3 Xi'an,09/15/2019,"Xi'an, China
"
1,子龙 张,407,M35-39,CHN,02:18:49,01:29:20,03:51:58,Ironman 70.3 Xi'an,09/15/2019,"Xi'an, China
"
2,Dandan Li,77,M35-39,CHN,02:18:28,01:29:40,03:52:22,Ironman 70.3 Xi'an,09/15/2019,"Xi'an, China
"
2,Songen Li,51,M18-24,CHN,02:17:32,01:32:51,03:53:12,Ironman 70.3 Xi'an,09/15/2019,"Xi'an, China
"
1,Su Yun,62,M45-49,CHN,02:17:47,01:32:11,03:54:13,Ironman 70.3 Xi'an,09/15/2019,"Xi'an, China
"
4,Gracjan Topczewski,154,M40-44,POL,02:18:46,01:34:15,03:55:29,Ironman 70.3 Xi'an,09/15/2019,"Xi'an, China
"
3,Yu Jen Lee,410,M35-39,TWN,02:19:37,01:33:53,03:56:03,Ironman 70.3 Xi'an,09/15/2019,"Xi'an, China
"
4,John Middlewick,139,M35-39,ZAF,02:22:01,01:31:27,03:56:34,Ironman 70.3 Xi'an,09/15/2019,"Xi'an, China
"
5,Wei Ge,115,M40-44,CHN,02:28:11,01:25:42,03:58:23,Ironman 70.3 Xi'an,09/15/2019,"Xi'an, China
"
2,Quang Nguyen,61,M45-49,USA,02:20:37,01:34:06,03:58:40,Ironman 70.3 Xi'an,09/15/2019,"Xi'an, China
"
2,Anna Eberhardt,26,FPRO,HUN,02:26:07,01:30:58,03:59:16,Ironman 70.3 Xi'an,09/15/2019,"Xi'an, China
"
5,Ngoc Ha Cao,76,M35-39,VNM,02:23:51,01:32:25,03:59:19,Ironman 70.3 Xi'an,09/15/2019,"Xi'an, China
"
3,明刚 陆,631,M45-49,CHN,02:25:15,01:30:27,03:59:28,Ironman 70.3 Xi'an,09/15/2019,"Xi'an, China
"
6,Hendrik Fiedler,538,M40-44,DEU,02:21:27,01:35:38,03:59:29,Ironman 70.3 Xi'an,09/15/2019,"Xi'an, China
"
3,Laurel Wassner,31,FPRO,USA,02:28:10,01:29:57,04:00:54,Ironman 70.3 Xi'an,09/15/2019,"Xi'an, China
"
1,Qinghai Jiang,735,M50-54,CHN,02:24:21,01:33:04,04:01:13,Ironman 70.3 Xi'an,09/15/2019,"Xi'an, China
"
7,Wei Wang,83,M40-44,CHN,02:26:21,01:32:11,04:01:47,Ironman 70.3 Xi'an,09/15/2019,"Xi'an, China
"
4,Andrey Antipinskiy,86,M45-49,RUS,02:32:07,01:28:30,04:02:59,Ironman 70.3 Xi'an,09/15/2019,"Xi'an, China
"
5,Adam Knothe,668,M45-49,POL,02:20:18,01:39:47,04:03:01,Ironman 70.3 Xi'an,09/15/2019,"Xi'an, China
"
2,Rongren Chen,222,M25-29,CHN,02:26:31,01:33:35,04:03:07,Ironman 70.3 Xi'an,09/15/2019,"Xi'an, China
"
5,Bjoern Meyer,284,M30-34,DEU,02:22:55,01:35:47,04:03:22,Ironman 70.3 Xi'an,09/15/2019,"Xi'an, China
"
1,Team 大秦先锋队,1029,RELAY-M,CHN,02:21:49,01:40:46,04:04:28,Ironman 70.3 Xi'an,09/15/2019,"Xi'an, China
"
6,Linhai Gu,625,M45-49,CHN,02:28:20,01:32:22,04:04:55,Ironman 70.3 Xi'an,09/15/2019,"Xi'an, China
"
1,Michael Passinger,753,M55-59,DEU,02:24:55,01:37:47,04:04:56,Ironman 70.3 Xi'an,09/15/2019,"Xi'an, China
"
7,Victor Martin Lorenzo,59,M45-49,ITA,02:27:15,01:33:19,04:05:01,Ironman 70.3 Xi'an,09/15/2019,"Xi'an, China
"
8,Ulrich Kirchhoff,63,M45-49,DEU,02:26:26,01:35:07,04:05:27,Ironman 70.3 Xi'an,09/15/2019,"Xi'an, China
"
2,Hideaki Nakajima,128,M55-59,JPN,02:27:46,01:34:52,04:05:46,Ironman 70.3 Xi'an,09/15/2019,"Xi'an, China
"
3,顺加 莫,214,M18-24,CHN,02:28:11,01:33:25,04:05:53,Ironman 70.3 Xi'an,09/15/2019,"Xi'an, China
"
9,Salvatore Carlo Guagliano,84,M45-49,CHN,02:20:51,01:42:54,04:05:54,Ironman 70.3 Xi'an,09/15/2019,"Xi'an, China
"
2,Thomas Jakobler,709,M50-54,DEU,02:22:44,01:40:17,04:05:58,Ironman 70.3 Xi'an,09/15/2019,"Xi'an, China
"
8,Pawel Boron,82,M40-44,POL,02:25:14,01:36:37,04:06:00,Ironman 70.3 Xi'an,09/15/2019,"Xi'an, China
"
9,Emanuel Strueber,146,M40-44,DEU,02:31:31,01:31:18,04:06:27,Ironman 70.3 Xi'an,09/15/2019,"Xi'an, China
"
4,Peng Liu,164,M18-24,CHN,02:26:03,01:34:47,04:06:28,Ironman 70.3 Xi'an,09/15/2019,"Xi'an, China
"
6,Lin Boen,292,M30-34,TWN,02:21:26,01:41:58,04:06:43,Ironman 70.3 Xi'an,09/15/2019,"Xi'an, China
"
3,Shoichi Asamoto,93,M50-54,JPN,02:24:25,01:39:11,04:06:44,Ironman 70.3 Xi'an,09/15/2019,"Xi'an, China
"
6,Dongdong Liu,75,M35-39,CHN,02:24:36,01:39:34,04:07:31,Ironman 70.3 Xi'an,09/15/2019,"Xi'an, China
"
10,Adam Hazlett,553,M40-44,NZL,02:27:42,01:35:31,04:08:04,Ironman 70.3 Xi'an,09/15/2019,"Xi'an, China
"
3,Junyi Lin,157,M25-29,CHN,02:30:39,01:33:10,04:08:09,Ironman 70.3 Xi'an,09/15/2019,"Xi'an, China
"
7,Kuang-Wu Liu,72,M30-34,TWN,02:28:25,01:37:24,04:08:11,Ironman 70.3 Xi'an,09/15/2019,"Xi'an, China
"
1,Team We Are Team,1004,RELAY-MIX,CHN,02:32:51,01:33:29,04:08:23,Ironman 70.3 Xi'an,09/15/2019,"Xi'an, China
"
8,Pablo Fayolle,73,M30-34,ARG,02:26:58,01:39:31,04:08:51,Ironman 70.3 Xi'an,09/15/2019,"Xi'an, China
"
7,Sebastien Vermast,439,M35-39,BEL,02:27:07,01:37:21,04:08:56,Ironman 70.3 Xi'an,09/15/2019,"Xi'an, China
"
9,Evgeny Nikitin,152,M30-34,RUS,02:25:15,01:41:16,04:09:30,Ironman 70.3 Xi'an,09/15/2019,"Xi'an, China
"
1,Team 西安御品軒鐵人隊(台灣國泰),1011,RELAY-MIX,TWN,02:44:52,01:22:53,04:09:36,Ironman 70.3 Xi'an,09/15/2019,"Xi'an, China
"
10,Lars Kock,88,M45-49,DEU,02:26:11,01:40:35,04:09:37,Ironman 70.3 Xi'an,09/15/2019,"Xi'an, China
"
5,Mingxin Zhang,71,M18-24,CHN,02:33:06,01:33:10,04:10:22,Ironman 70.3 Xi'an,09/15/2019,"Xi'an, China
"
4,Mary Robbins,29,FPRO,USA,02:20:39,01:47:24,04:10:30,Ironman 70.3 Xi'an,09/15/2019,"Xi'an, China
"
4,Robert Loveridge,64,M50-54,NZL,02:26:38,01:42:04,04:10:38,Ironman 70.3 Xi'an,09/15/2019,"Xi'an, China
"
5,Meghan Faulkenberry,27,FPRO,USA,02:34:04,01:35:35,04:12:03,Ironman 70.3 Xi'an,09/15/2019,"Xi'an, China
"
10,竞 郭,367,M30-34,CHN,02:31:25,01:36:23,04:12:58,Ironman 70.3 Xi'an,09/15/2019,"Xi'an, China
"
11,Bingning Ding,529,M40-44,CHN,02:29:34,01:38:41,04:14:00,Ironman 70.3 Xi'an,09/15/2019,"Xi'an, China
"
11,Alan Porteous,638,M45-49,AUS,02:28:31,01:41:31,04:14:16,Ironman 70.3 Xi'an,09/15/2019,"Xi'an, China
"
2,Team 西建大推进战队,1054,RELAY-M,CHN,02:34:54,01:38:11,04:14:45,Ironman 70.3 Xi'an,09/15/2019,"Xi'an, China
"
12,Thomas Anderegg,121,M45-49,CHE,02:26:46,01:45:02,04:14:49,Ironman 70.3 Xi'an,09/15/2019,"Xi'an, China
"
3,Team 鲲鹏腾飞,1037,RELAY-M,CHN,02:43:24,01:30:00,04:14:57,Ironman 70.3 Xi'an,09/15/2019,"Xi'an, China
"
12,Rômulo Neves,531,M40-44,BRA,02:28:58,01:42:50,04:15:25,Ironman 70.3 Xi'an,09/15/2019,"Xi'an, China
"
13,John Gaffey,551,M40-44,AUS,02:30:02,01:42:39,04:15:47,Ironman 70.3 Xi'an,09/15/2019,"Xi'an, China
"
4,Team 跑者無疆111,1046,RELAY-M,CHN,02:55:29,01:16:53,04:15:48,Ironman 70.3 Xi'an,09/15/2019,"Xi'an, China
"
11,广 闻,253,M30-34,CHN,02:32:52,01:40:11,04:15:53,Ironman 70.3 Xi'an,09/15/2019,"Xi'an, China
"
13,Maciej Skotarczak,141,M45-49,POL,02:26:55,01:46:56,04:16:13,Ironman 70.3 Xi'an,09/15/2019,"Xi'an, China
"
1,Qianruo Liu,807,F25-29,CHN,02:36:56,01:36:21,04:16:27,Ironman 70.3 Xi'an,09/15/2019,"Xi'an, China
"
12,Genhao Zhang,273,M30-34,CHN,02:24:45,01:47:56,04:16:57,Ironman 70.3 Xi'an,09/15/2019,"Xi'an, China
"
3,Kazuhiko Shimizu,99,M55-59,JPN,02:33:15,01:40:35,04:16:59,Ironman 70.3 Xi'an,09/15/2019,"Xi'an, China
"
14,Boris Angerer,57,M40-44,DEU,02:33:00,01:40:20,04:17:19,Ironman 70.3 Xi'an,09/15/2019,"Xi'an, China
"
15,Daniele Mallozzi,158,M40-44,CHE,02:21:41,01:51:58,04:17:21,Ironman 70.3 Xi'an,09/15/2019,"Xi'an, China
"
16,Victor Saltykov,79,M40-44,RUS,02:31:52,01:41:16,04:17:44,Ironman 70.3 Xi'an,09/15/2019,"Xi'an, China
"
6,Pierce Aeron Tan,175,M18-24,PHL,02:35:28,01:40:12,04:18:31,Ironman 70.3 Xi'an,09/15/2019,"Xi'an, China
"
13,宇翔 干,304,M30-34,AUS,02:40:01,01:34:58,04:19:12,Ironman 70.3 Xi'an,09/15/2019,"Xi'an, China
"
2,Team 曲江,1074,RELAY-MIX,CHN,02:42:25,01:34:50,04:19:29,Ironman 70.3 Xi'an,09/15/2019,"Xi'an, China
"
8,騉 李,498,M35-39,CHN,02:37:06,01:39:34,04:19:48,Ironman 70.3 Xi'an,09/15/2019,"Xi'an, China
"
14,Shigenobu Hayashi,122,M45-49,JPN,02:34:44,01:41:19,04:19:52,Ironman 70.3 Xi'an,09/15/2019,"Xi'an, China
"
9,辉 李,505,M35-39,CHN,02:32:51,01:44:36,04:20:08,Ironman 70.3 Xi'an,09/15/2019,"Xi'an, China
"
6,Kirralee Seidel,30,FPRO,AUS,02:26:57,01:51:27,04:20:29,Ironman 70.3 Xi'an,09/15/2019,"Xi'an, China
"
5,Leonhard Paul,91,M50-54,DEU,02:32:42,01:44:21,04:20:35,Ironman 70.3 Xi'an,09/15/2019,"Xi'an, China
"
5,Team 速豹疯狂铁人二队,1050,RELAY-M,CHN,02:41:28,01:37:51,04:21:06,Ironman 70.3 Xi'an,09/15/2019,"Xi'an, China
"
15,Jean David Perthuis,118,M45-49,FRA,02:32:46,01:45:45,04:21:14,Ironman 70.3 Xi'an,09/15/2019,"Xi'an, China
"
4,Yuichi Hashimoto,65,M55-59,JPN,02:35:29,01:42:15,04:21:25,Ironman 70.3 Xi'an,09/15/2019,"Xi'an, China
"
10,Yu Zhang,138,M35-39,CHN,02:34:46,01:42:22,04:21:55,Ironman 70.3 Xi'an,09/15/2019,"Xi'an, China
"
6,Team 重点trek车队,1064,RELAY-M,CHN,02:34:55,01:44:18,04:21:56,Ironman 70.3 Xi'an,09/15/2019,"Xi'an, China
"
1,Eva Narloch,156,F35-39,DEU,02:36:18,01:42:22,04:22:09,Ironman 70.3 Xi'an,09/15/2019,"Xi'an, China
"
7,Team 大秦铁人安康分队,1026,RELAY-M,CHN,02:42:31,01:37:23,04:22:12,Ironman 70.3 Xi'an,09/15/2019,"Xi'an, China
"
16,Huuphoc Nguy,167,M45-49,CHN,02:34:29,01:44:23,04:22:22,Ironman 70.3 Xi'an,09/15/2019,"Xi'an, China
"
17,Jacquelin Jean-Charles,619,M45-49,FRA,02:43:04,01:34:03,04:22:22,Ironman 70.3 Xi'an,09/15/2019,"Xi'an, China
"
5,Lian Zhang,767,M55-59,CHN,02:38:09,01:39:05,04:23:09,Ironman 70.3 Xi'an,09/15/2019,"Xi'an, China
"
6,Masahiko Kato,715,M50-54,JPN,02:41:11,01:37:24,04:23:21,Ironman 70.3 Xi'an,09/15/2019,"Xi'an, China
"
14,Gabriele Barbati,309,M30-34,ITA,02:36:13,01:42:24,04:23:28,Ironman 70.3 Xi'an,09/15/2019,"Xi'an, China
"
1,Jennifer Paglia,841,F30-34,ITA,02:36:28,01:42:52,04:23:53,Ironman 70.3 Xi'an,09/15/2019,"Xi'an, China
"
11,Wu Yue,404,M35-39,CHN,02:31:37,01:49:08,04:24:12,Ironman 70.3 Xi'an,09/15/2019,"Xi'an, China
"
7,Xiang Zhou,701,M50-54,CHN,02:45:06,01:35:48,04:24:28,Ironman 70.3 Xi'an,09/15/2019,"Xi'an, China
"
12,Abdulrahman Alhosani,165,M35-39,ARE,02:45:49,01:35:48,04:24:28,Ironman 70.3 Xi'an,09/15/2019,"Xi'an, China
"
15,镇宇 汤,107,M30-34,CHN,02:37:41,01:42:31,04:24:46,Ironman 70.3 Xi'an,09/15/2019,"Xi'an, China
"
17,Hin Hsu,555,M40-44,DEU,02:33:17,01:46:44,04:24:47,Ironman 70.3 Xi'an,09/15/2019,"Xi'an, China
"
8,Team 西安建筑科技大学慢队,1053,RELAY-M,CHN,02:47:12,01:36:06,04:24:52,Ironman 70.3 Xi'an,09/15/2019,"Xi'an, China
"
18,Ying Jie Chen,116,M40-44,CHN,02:38:46,01:42:22,04:24:54,Ironman 70.3 Xi'an,09/15/2019,"Xi'an, China
"
19,Tsja-Ming Cheung,549,M40-44,NLD,02:32:43,01:48:50,04:25:23,Ironman 70.3 Xi'an,09/15/2019,"Xi'an, China
"
2,Team 皮皮鲁接力队,1047,RELAY-MIX,CHN,02:38:31,01:45:18,04:25:44,Ironman 70.3 Xi'an,09/15/2019,"Xi'an, China
"
4,Fa Li,264,M25-29,CHN,02:40:32,01:41:22,04:25:45,Ironman 70.3 Xi'an,09/15/2019,"Xi'an, China
"
8,Hai Chen,703,M50-54,CHN,02:43:58,01:37:10,04:25:51,Ironman 70.3 Xi'an,09/15/2019,"Xi'an, China
"
9,Team 西安重点trek车队,1065,RELAY-M,CHN,02:39:24,01:44:16,04:26:15,Ironman 70.3 Xi'an,09/15/2019,"Xi'an, China
"
6,Andreas Palfalvi,97,M55-59,DEU,02:33:13,01:48:34,04:26:41,Ironman 70.3 Xi'an,09/15/2019,"Xi'an, China
"
13,Jia Kuan Zhang,434,M35-39,CHN,02:40:17,01:42:45,04:26:54,Ironman 70.3 Xi'an,09/15/2019,"Xi'an, China
"
18,Cheok Heng Ong,142,M45-49,SGP,02:36:21,01:44:27,04:27:00,Ironman 70.3 Xi'an,09/15/2019,"Xi'an, China
"
9,展能 葉,713,M50-54,CHN,02:34:10,01:48:24,04:27:06,Ironman 70.3 Xi'an,09/15/2019,"Xi'an, China
"
19,Ming Hong Tsai,161,M45-49,TWN,02:35:53,01:47:37,04:27:21,Ironman 70.3 Xi'an,09/15/2019,"Xi'an, China
"
7,Chenhao Hu,203,M18-24,CHN,02:38:49,01:44:13,04:27:36,Ironman 70.3 Xi'an,09/15/2019,"Xi'an, China
"
14,Kin Wai Chan,383,M35-39,HKG,02:37:52,01:44:58,04:27:45,Ironman 70.3 Xi'an,09/15/2019,"Xi'an, China
"
15,Po Hu,400,M35-39,CHN,02:25:02,01:58:15,04:27:45,Ironman 70.3 Xi'an,09/15/2019,"Xi'an, China
"
10,Team One And One,1020,RELAY-M,CHN,02:58:53,01:26:23,04:28:02,Ironman 70.3 Xi'an,09/15/2019,"Xi'an, China
"
1,Huong Britto,68,F45-49,USA,02:38:33,01:41:26,04:28:08,Ironman 70.3 Xi'an,09/15/2019,"Xi'an, China
"
11,Team 大秦野人,1030,RELAY-M,CHN,02:42:31,01:42:50,04:28:08,Ironman 70.3 Xi'an,09/15/2019,"Xi'an, China
"
10,Vladimir Mikhailov,168,M50-54,KAZ,02:43:10,01:40:59,04:28:16,Ironman 70.3 Xi'an,09/15/2019,"Xi'an, China
"
3,Team 西建大推进战队3,1056,RELAY-MIX,CHN,02:59:22,01:26:30,04:28:23,Ironman 70.3 Xi'an,09/15/2019,"Xi'an, China
"
20,滕文臣 滕,635,M45-49,CHN,02:33:12,01:50:41,04:28:29,Ironman 70.3 Xi'an,09/15/2019,"Xi'an, China
"
20,Ran Wang,81,M40-44,CHN,02:29:52,01:55:44,04:29:23,Ironman 70.3 Xi'an,09/15/2019,"Xi'an, China
"
11,Xuedong Sun,92,M50-54,CHN,02:32:34,01:53:28,04:29:26,Ironman 70.3 Xi'an,09/15/2019,"Xi'an, China
"
5,Steven Lew,221,M25-29,USA,02:45:19,01:38:04,04:29:35,Ironman 70.3 Xi'an,09/15/2019,"Xi'an, China
"
21,Xiaoan Liu,120,M45-49,CHN,02:26:52,02:00:16,04:30:11,Ironman 70.3 Xi'an,09/15/2019,"Xi'an, China
"
2,Bernadette Tan,104,F45-49,PHL,02:34:58,01:51:30,04:30:17,Ironman 70.3 Xi'an,09/15/2019,"Xi'an, China
"
16,Drugin Nikolai,425,M35-39,RUS,02:40:28,01:44:14,04:30:46,Ironman 70.3 Xi'an,09/15/2019,"Xi'an, China
"
21,Christopher Mark,159,M40-44,CAN,02:35:01,01:51:22,04:31:06,Ironman 70.3 Xi'an,09/15/2019,"Xi'an, China
"
2,Menshikova Tatiana,885,F35-39,RUS,02:45:15,01:41:29,04:31:08,Ironman 70.3 Xi'an,09/15/2019,"Xi'an, China
"
16,乐 严,357,M30-34,CHN,02:34:21,01:51:26,04:31:16,Ironman 70.3 Xi'an,09/15/2019,"Xi'an, China
"
6,Feifan Wu,170,M25-29,CHN,02:33:34,01:52:41,04:31:21,Ironman 70.3 Xi'an,09/15/2019,"Xi'an, China
"
7,Angel Mancebo Alvarez,96,M55-59,ESP,02:43:56,01:42:57,04:31:38,Ironman 70.3 Xi'an,09/15/2019,"Xi'an, China
"
22,彬 林,624,M45-49,CHN,02:42:27,01:45:24,04:32:49,Ironman 70.3 Xi'an,09/15/2019,"Xi'an, China
"
17,Chao Xu,302,M30-34,CHN,02:38:53,01:46:54,04:33:07,Ironman 70.3 Xi'an,09/15/2019,"Xi'an, China
"
12,Team 运动联盟,1071,RELAY-M,CHN,02:48:05,01:42:36,04:33:23,Ironman 70.3 Xi'an,09/15/2019,"Xi'an, China
"
12,Yu Pei,90,M50-54,CHN,02:29:12,01:59:29,04:33:24,Ironman 70.3 Xi'an,09/15/2019,"Xi'an, China
"
8,Phil Saussus,163,M55-59,BEL,02:40:57,01:48:51,04:34:01,Ironman 70.3 Xi'an,09/15/2019,"Xi'an, China
"
22,Kangrui An,526,M40-44,CHN,02:40:23,01:48:24,04:34:07,Ironman 70.3 Xi'an,09/15/2019,"Xi'an, China
"
9,Bryan Rowe,143,M55-59,USA,02:42:16,01:48:29,04:35:15,Ironman 70.3 Xi'an,09/15/2019,"Xi'an, China
"
23,Boisrame Ludovic,601,M40-44,FRA,02:46:06,01:43:13,04:35:16,Ironman 70.3 Xi'an,09/15/2019,"Xi'an, China
"
24,Jing Yan,517,M40-44,CHN,02:48:15,01:40:58,04:35:25,Ironman 70.3 Xi'an,09/15/2019,"Xi'an, China
"
4,Team 大秦小兵,1005,RELAY-MIX,CHN,03:00:35,01:31:38,04:35:38,Ironman 70.3 Xi'an,09/15/2019,"Xi'an, China
"
13,Team 雁塔朱雀,1058,RELAY-M,CHN,03:13:34,01:20:08,04:35:48,Ironman 70.3 Xi'an,09/15/2019,"Xi'an, China
"
10,Paul Rohwer,150,M55-59,AUS,02:40:31,01:50:24,04:36:07,Ironman 70.3 Xi'an,09/15/2019,"Xi'an, China
"
13,David Gray,160,M50-54,AUS,02:35:09,01:57:10,04:36:20,Ironman 70.3 Xi'an,09/15/2019,"Xi'an, China
"
1,Louis Méjias,100,M60-64,FRA,02:36:12,01:56:40,04:36:31,Ironman 70.3 Xi'an,09/15/2019,"Xi'an, China
"
25,Marcus Teoh Chong Aun,552,M40-44,MYS,02:47:17,01:45:40,04:36:31,Ironman 70.3 Xi'an,09/15/2019,"Xi'an, China
"
17,Dexter Wan,437,M35-39,CHN,02:47:06,01:43:29,04:36:44,Ironman 70.3 Xi'an,09/15/2019,"Xi'an, China
"
8,Boyang Ma,202,M18-24,CHN,02:39:29,01:53:58,04:37:17,Ironman 70.3 Xi'an,09/15/2019,"Xi'an, China
"
14,Jeremy Aniere,708,M50-54,AUS,02:40:10,01:53:31,04:37:19,Ironman 70.3 Xi'an,09/15/2019,"Xi'an, China
"
18,Ping Li,411,M35-39,CHN,02:36:12,01:54:19,04:37:23,Ironman 70.3 Xi'an,09/15/2019,"Xi'an, China
"
19,Lan Cao,501,M35-39,CHN,02:39:25,01:47:56,04:37:35,Ironman 70.3 Xi'an,09/15/2019,"Xi'an, China
"
15,Donghui Zhang,719,M50-54,CHN,02:48:27,01:43:19,04:37:40,Ironman 70.3 Xi'an,09/15/2019,"Xi'an, China
"
11,Carmel Rosenthal,98,M55-59,ISR,02:44:56,01:47:57,04:37:44,Ironman 70.3 Xi'an,09/15/2019,"Xi'an, China
"
18,继航 教,291,M30-34,CHN,02:45:06,01:46:30,04:37:46,Ironman 70.3 Xi'an,09/15/2019,"Xi'an, China
"
20,Loong Lee,487,M35-39,CHN,02:39:19,01:53:40,04:37:53,Ironman 70.3 Xi'an,09/15/2019,"Xi'an, China
"
1,Marion Hermitage,978,F55-59,AUS,02:48:00,01:46:49,04:37:58,Ironman 70.3 Xi'an,09/15/2019,"Xi'an, China
"
14,Team 跑者无疆7队,1042,RELAY-M,CHN,02:40:06,01:55:21,04:38:13,Ironman 70.3 Xi'an,09/15/2019,"Xi'an, China
"
19,Zhenbo Zhong,279,M30-34,CHN,02:39:56,01:54:48,04:38:14,Ironman 70.3 Xi'an,09/15/2019,"Xi'an, China
"
20,Chun Wai Wong,286,M30-34,HKG,02:49:02,01:43:46,04:38:14,Ironman 70.3 Xi'an,09/15/2019,"Xi'an, China
"
3,Akemi Takahashi,956,F45-49,JPN,02:53:59,01:40:25,04:38:18,Ironman 70.3 Xi'an,09/15/2019,"Xi'an, China
"
15,Team 水木西安,1009,RELAY-M,CHN,02:46:39,01:50:00,04:38:28,Ironman 70.3 Xi'an,09/15/2019,"Xi'an, China
"
21,Kevin McGarry,360,M30-34,IRL,02:49:26,01:45:22,04:38:45,Ironman 70.3 Xi'an,09/15/2019,"Xi'an, China
"
21,Xiyuan Zhang,418,M35-39,CHN,02:51:44,01:41:19,04:38:47,Ironman 70.3 Xi'an,09/15/2019,"Xi'an, China
"
1,Nobuyuki Tanaka,169,M65-69,JPN,02:37:28,01:58:30,04:39:00,Ironman 70.3 Xi'an,09/15/2019,"Xi'an, China
"
16,Team 飞鱼体育文化,1031,RELAY-M,CHN,03:08:35,01:28:53,04:39:21,Ironman 70.3 Xi'an,09/15/2019,"Xi'an, China
"
16,北川 一之,718,M50-54,JPN,02:46:11,01:49:05,04:39:33,Ironman 70.3 Xi'an,09/15/2019,"Xi'an, China
"
2,Varvara Zverkova,842,F30-34,RUS,02:50:06,01:46:25,04:39:34,Ironman 70.3 Xi'an,09/15/2019,"Xi'an, China
"
22,Danny Jia,384,M35-39,CHN,02:36:56,01:55:19,04:39:38,Ironman 70.3 Xi'an,09/15/2019,"Xi'an, China
"
23,Suiqing Chen,113,M35-39,CHN,02:45:07,01:50:42,04:40:06,Ironman 70.3 Xi'an,09/15/2019,"Xi'an, China
"
22,定坤 任,364,M30-34,CHN,02:47:06,01:48:35,04:40:22,Ironman 70.3 Xi'an,09/15/2019,"Xi'an, China
"
26,Wei Wu,117,M40-44,CHN,02:40:41,01:55:43,04:41:05,Ironman 70.3 Xi'an,09/15/2019,"Xi'an, China
"
27,Fei Fu,166,M40-44,CHN,02:31:00,02:05:36,04:41:05,Ironman 70.3 Xi'an,09/15/2019,"Xi'an, China
"
5,Team 友谊东路,1061,RELAY-MIX,CHN,02:54:15,01:45:07,04:41:45,Ironman 70.3 Xi'an,09/15/2019,"Xi'an, China
"
28,晓光 韩,548,M40-44,CHN,02:36:00,02:01:20,04:41:49,Ironman 70.3 Xi'an,09/15/2019,"Xi'an, China
"
23,杜鑫 杜,669,M45-49,CHN,02:40:30,01:57:37,04:41:50,Ironman 70.3 Xi'an,09/15/2019,"Xi'an, China
"
2,Beibei Qiao,806,F25-29,CHN,02:48:32,01:48:43,04:41:56,Ironman 70.3 Xi'an,09/15/2019,"Xi'an, China
"
7,Xiao Ma,220,M25-29,CHN,02:58:42,01:36:49,04:42:25,Ironman 70.3 Xi'an,09/15/2019,"Xi'an, China
"
23,Yinhai Xu,275,M30-34,CHN,02:41:17,01:57:45,04:42:33,Ironman 70.3 Xi'an,09/15/2019,"Xi'an, China
"
24,Joseph Lee Worcester,361,M30-34,USA,03:04:59,01:30:30,04:42:45,Ironman 70.3 Xi'an,09/15/2019,"Xi'an, China
"
17,Team 浐灞铁人,1025,RELAY-M,CHN,02:37:42,01:58:17,04:42:50,Ironman 70.3 Xi'an,09/15/2019,"Xi'an, China
"
29,John Nelson,78,M40-44,AUS,02:35:20,02:03:15,04:42:52,Ironman 70.3 Xi'an,09/15/2019,"Xi'an, China
"
3,Allison Hall,148,F25-29,USA,02:54:20,01:45:09,04:43:04,Ironman 70.3 Xi'an,09/15/2019,"Xi'an, China
"
24,Xin Luo,386,M35-39,CHN,02:44:31,01:52:24,04:43:17,Ironman 70.3 Xi'an,09/15/2019,"Xi'an, China
"
1,Ophelie Saussus,70,F18-24,BEL,02:55:45,01:45:41,04:43:41,Ironman 70.3 Xi'an,09/15/2019,"Xi'an, China
"
4,Svenja Rehr,809,F25-29,DEU,02:49:47,01:50:13,04:43:54,Ironman 70.3 Xi'an,09/15/2019,"Xi'an, China
"
3,Jiqing Xia,839,F30-34,CHN,02:44:06,01:57:22,04:44:36,Ironman 70.3 Xi'an,09/15/2019,"Xi'an, China
"
25,庚 刘,359,M30-34,CHN,02:51:58,01:47:22,04:45:20,Ironman 70.3 Xi'an,09/15/2019,"Xi'an, China
"
18,Team 飙骑车队,1023,RELAY-M,CHN,02:54:08,01:48:32,04:45:22,Ironman 70.3 Xi'an,09/15/2019,"Xi'an, China
"
26,Xulong Sun,271,M30-34,CHN,02:37:39,01:57:26,04:45:37,Ironman 70.3 Xi'an,09/15/2019,"Xi'an, China
"
25,Feng Yang,430,M35-39,CHN,02:42:23,01:58:39,04:45:45,Ironman 70.3 Xi'an,09/15/2019,"Xi'an, China
"
2,Miki Sasaki,979,F55-59,JPN,02:46:10,01:55:16,04:46:23,Ironman 70.3 Xi'an,09/15/2019,"Xi'an, China
"
30,Björn Johansson,172,M40-44,SWE,02:28:49,02:14:37,04:46:34,Ironman 70.3 Xi'an,09/15/2019,"Xi'an, China
"
3,Patricia Margaret Serios,102,F35-39,PHL,02:43:22,01:59:46,04:46:41,Ironman 70.3 Xi'an,09/15/2019,"Xi'an, China
"
5,Xinhui Su,810,F25-29,SGP,02:52:47,01:51:20,04:46:43,Ironman 70.3 Xi'an,09/15/2019,"Xi'an, China
"
31,山 齐,525,M40-44,CHN,02:48:21,01:53:00,04:46:55,Ironman 70.3 Xi'an,09/15/2019,"Xi'an, China
"
26,Kang Du,510,M35-39,CHN,02:43:03,01:58:15,04:47:02,Ironman 70.3 Xi'an,09/15/2019,"Xi'an, China
"
12,Kwok Ning Lobo Lee,95,M55-59,HKG,02:44:43,01:58:48,04:47:05,Ironman 70.3 Xi'an,09/15/2019,"Xi'an, China
"
27,Hongqi Liu,432,M35-39,CHN,02:44:29,01:56:00,04:47:07,Ironman 70.3 Xi'an,09/15/2019,"Xi'an, China
"
32,Yan Zhou,554,M40-44,CHN,02:49:28,01:50:50,04:47:12,Ironman 70.3 Xi'an,09/15/2019,"Xi'an, China
"
24,树军 姚,686,M45-49,CHN,02:52:33,01:49:46,04:47:17,Ironman 70.3 Xi'an,09/15/2019,"Xi'an, China
"
27,Yuchen Zhao,307,M30-34,CHN,02:42:12,01:59:54,04:47:23,Ironman 70.3 Xi'an,09/15/2019,"Xi'an, China
"
28,Chee Hol (david) Low,424,M35-39,MYS,02:37:27,02:05:56,04:47:26,Ironman 70.3 Xi'an,09/15/2019,"Xi'an, China
"
33,Tiezheng Xu,532,M40-44,CHN,02:53:43,01:47:40,04:47:33,Ironman 70.3 Xi'an,09/15/2019,"Xi'an, China
"
6,Team 大秦铁人一分队,1028,RELAY-MIX,CHN,02:56:04,01:49:43,04:48:12,Ironman 70.3 Xi'an,09/15/2019,"Xi'an, China
"
29,Yi Cao,399,M35-39,CHN,02:50:04,01:50:00,04:48:15,Ironman 70.3 Xi'an,09/15/2019,"Xi'an, China
"
4,Tang Tang,838,F30-34,CHN,02:45:57,01:59:28,04:48:27,Ironman 70.3 Xi'an,09/15/2019,"Xi'an, China
"
4,Hongming Yan,976,F45-49,CHN,03:03:34,01:38:05,04:49:02,Ironman 70.3 Xi'an,09/15/2019,"Xi'an, China
"
13,Ying Zhen,750,M55-59,CHN,02:52:58,01:49:24,04:49:16,Ironman 70.3 Xi'an,09/15/2019,"Xi'an, China
"
30,Nan Zhu,396,M35-39,CHN,03:04:26,01:39:46,04:49:18,Ironman 70.3 Xi'an,09/15/2019,"Xi'an, China
"
8,Andres Rodriguez,215,M25-29,ECU,02:50:51,01:51:05,04:49:56,Ironman 70.3 Xi'an,09/15/2019,"Xi'an, China
"
31,Tai Jiang,421,M35-39,CHN,02:52:01,01:50:15,04:50:05,Ironman 70.3 Xi'an,09/15/2019,"Xi'an, China
"
28,Kai Zhao,369,M30-34,CHN,02:54:20,01:48:23,04:50:16,Ironman 70.3 Xi'an,09/15/2019,"Xi'an, China
"
32,Bing Yu,417,M35-39,CHN,02:37:39,02:07:03,04:50:29,Ironman 70.3 Xi'an,09/15/2019,"Xi'an, China
"
3,Team 飞鸟于鱼,1068,RELAY-MIX,CHN,02:44:57,02:03:38,04:50:53,Ironman 70.3 Xi'an,09/15/2019,"Xi'an, China
"
33,雄辉 陈,398,M35-39,CHN,02:42:57,01:58:10,04:51:01,Ironman 70.3 Xi'an,09/15/2019,"Xi'an, China
"
29,Ganggang Jia,371,M30-34,CHN,02:56:42,01:50:45,04:51:01,Ironman 70.3 Xi'an,09/15/2019,"Xi'an, China
"
25,Wim Verstraeten,85,M45-49,BEL,02:32:48,02:15:35,04:51:04,Ironman 70.3 Xi'an,09/15/2019,"Xi'an, China
"
30,超 何,280,M30-34,CHN,02:38:03,02:08:27,04:51:10,Ironman 70.3 Xi'an,09/15/2019,"Xi'an, China
"
19,Team 跑者无疆城运,1045,RELAY-M,CHN,02:40:19,02:08:46,04:51:33,Ironman 70.3 Xi'an,09/15/2019,"Xi'an, China
"
26,Joakim Arbhede,650,M45-49,SWE,02:38:18,02:09:41,04:51:49,Ironman 70.3 Xi'an,09/15/2019,"Xi'an, China
"
20,Team 建大三队,1036,RELAY-M,CHN,02:59:32,01:51:18,04:52:18,Ironman 70.3 Xi'an,09/15/2019,"Xi'an, China
"
7,Team 新疆梨城铁人,1070,RELAY-MIX,CHN,02:44:02,02:06:08,04:52:22,Ironman 70.3 Xi'an,09/15/2019,"Xi'an, China
"
14,Hirotaka Tanigawa,755,M55-59,JPN,02:44:15,02:04:08,04:52:33,Ironman 70.3 Xi'an,09/15/2019,"Xi'an, China
"
34,Chak Kwan Jeffrey Chan,528,M40-44,HKG,02:44:22,02:02:54,04:52:41,Ironman 70.3 Xi'an,09/15/2019,"Xi'an, China
"
21,Team Ironman Zhulee,1019,RELAY-M,CHN,02:57:53,01:52:28,04:52:54,Ironman 70.3 Xi'an,09/15/2019,"Xi'an, China
"
9,Josh Harrison,258,M25-29,GBR,02:44:26,02:05:03,04:53:09,Ironman 70.3 Xi'an,09/15/2019,"Xi'an, China
"
31,Wang Gangui,288,M30-34,CHN,02:44:31,01:59:20,04:53:54,Ironman 70.3 Xi'an,09/15/2019,"Xi'an, China
"
22,Team 徒搭,1051,RELAY-M,CHN,02:51:48,01:59:40,04:54:00,Ironman 70.3 Xi'an,09/15/2019,"Xi'an, China
"
23,Team 一路向东,1059,RELAY-M,CHN,03:08:28,01:43:09,04:54:50,Ironman 70.3 Xi'an,09/15/2019,"Xi'an, China
"
17,Tian Li,126,M50-54,CHN,02:54:13,01:54:21,04:54:50,Ironman 70.3 Xi'an,09/15/2019,"Xi'an, China
"
5,Heidi Groensedt,89,F45-49,DNK,02:48:04,02:02:29,04:55:09,Ironman 70.3 Xi'an,09/15/2019,"Xi'an, China
"
35,Samarth Suvajarachai,540,M40-44,THA,02:49:49,01:57:20,04:55:13,Ironman 70.3 Xi'an,09/15/2019,"Xi'an, China
"
2,Yoshiro Ando,129,M65-69,JPN,02:53:00,01:58:23,04:55:19,Ironman 70.3 Xi'an,09/15/2019,"Xi'an, China
"
8,Team 流沙,1038,RELAY-MIX,CHN,03:06:34,01:46:20,04:55:21,Ironman 70.3 Xi'an,09/15/2019,"Xi'an, China
"
2,Yuzo Yoshizumi,775,M60-64,JPN,02:44:35,02:04:34,04:55:22,Ironman 70.3 Xi'an,09/15/2019,"Xi'an, China
"
24,Team Angteam,1066,RELAY-M,CHN,02:55:04,01:58:08,04:55:35,Ironman 70.3 Xi'an,09/15/2019,"Xi'an, China
"
36,Wen Feng,520,M40-44,CHN,02:45:39,02:02:21,04:55:40,Ironman 70.3 Xi'an,09/15/2019,"Xi'an, China
"
32,Mingnan Wang,285,M30-34,CHN,02:42:52,02:07:15,04:55:43,Ironman 70.3 Xi'an,09/15/2019,"Xi'an, China
"
3,Phillip Hermitage,779,M60-64,AUS,02:55:12,01:55:49,04:56:06,Ironman 70.3 Xi'an,09/15/2019,"Xi'an, China
"
18,Dongwen Zhao,743,M50-54,CHN,02:53:11,01:59:11,04:56:30,Ironman 70.3 Xi'an,09/15/2019,"Xi'an, China
"
19,Lars Bo Groensedt,69,M50-54,DNK,02:38:39,02:14:08,04:57:11,Ironman 70.3 Xi'an,09/15/2019,"Xi'an, China
"
34,Jiaji Li,393,M35-39,CHN,02:34:27,02:19:47,04:57:13,Ironman 70.3 Xi'an,09/15/2019,"Xi'an, China
"
5,Lian Yu,133,F30-34,CHN,02:59:38,01:54:02,04:57:19,Ironman 70.3 Xi'an,09/15/2019,"Xi'an, China
"
35,Tongtong Ren,427,M35-39,CHN,03:02:39,01:48:33,04:57:31,Ironman 70.3 Xi'an,09/15/2019,"Xi'an, China
"
25,Team Shannxi Hills International Team,1021,RELAY-M,CHN,02:51:39,01:55:52,04:57:32,Ironman 70.3 Xi'an,09/15/2019,"Xi'an, China
"
4,Yoshimi Imamura,173,M60-64,JPN,02:46:44,02:07:48,04:58:42,Ironman 70.3 Xi'an,09/15/2019,"Xi'an, China
"
27,Jun Qi,647,M45-49,CHN,02:59:22,01:52:08,04:59:05,Ironman 70.3 Xi'an,09/15/2019,"Xi'an, China
"
6,Xing Chen,878,F30-34,CHN,02:56:52,01:55:32,04:59:06,Ironman 70.3 Xi'an,09/15/2019,"Xi'an, China
"
36,Yang Song,431,M35-39,CHN,02:52:25,02:00:24,04:59:16,Ironman 70.3 Xi'an,09/15/2019,"Xi'an, China
"
26,Team 跑者无疆1,1039,RELAY-M,CHN,02:55:06,02:01:59,04:59:28,Ironman 70.3 Xi'an,09/15/2019,"Xi'an, China
"
27,Team 大秦铁人初学者,1027,RELAY-M,CHN,02:56:01,02:00:03,04:59:33,Ironman 70.3 Xi'an,09/15/2019,"Xi'an, China
"
37,明波 黄,484,M35-39,CHN,02:51:36,02:03:23,04:59:33,Ironman 70.3 Xi'an,09/15/2019,"Xi'an, China
"
4,Qian Zhang,880,F35-39,CHN,02:48:03,02:07:34,04:59:34,Ironman 70.3 Xi'an,09/15/2019,"Xi'an, China
"
28,Sirieix Laurent,87,M45-49,FRA,02:37:10,02:16:40,04:59:40,Ironman 70.3 Xi'an,09/15/2019,"Xi'an, China
"
37,Gheis Ameri,519,M40-44,GBR,03:13:57,01:41:44,05:00:24,Ironman 70.3 Xi'an,09/15/2019,"Xi'an, China
"
1,Rochelle Youngson,134,F40-44,NZL,02:56:56,01:58:14,05:00:33,Ironman 70.3 Xi'an,09/15/2019,"Xi'an, China
"
33,Jianyong Guo,109,M30-34,CHN,02:57:05,01:58:32,05:00:43,Ironman 70.3 Xi'an,09/15/2019,"Xi'an, China
"
29,Xiaoyong Sun,680,M45-49,CHN,03:07:50,01:47:45,05:00:54,Ironman 70.3 Xi'an,09/15/2019,"Xi'an, China
"
38,Sakol Anusornsiriruk,527,M40-44,THA,02:50:53,02:04:57,05:01:04,Ironman 70.3 Xi'an,09/15/2019,"Xi'an, China
"
1,Team 蔷薇战队,1048,RELAY-F,CHN,03:11:12,01:47:47,05:01:13,Ironman 70.3 Xi'an,09/15/2019,"Xi'an, China
"
34,Zhang Yuxuan,277,M30-34,CHN,02:54:03,02:02:12,05:01:49,Ironman 70.3 Xi'an,09/15/2019,"Xi'an, China
"
2,Ekaterina Karpova,804,F18-24,RUS,02:58:26,02:01:04,05:02:14,Ironman 70.3 Xi'an,09/15/2019,"Xi'an, China
"
39,Yupei Song,80,M40-44,CHN,02:40:12,02:15:13,05:02:15,Ironman 70.3 Xi'an,09/15/2019,"Xi'an, China
"
6,Phuong Vuong,105,F45-49,USA,02:52:26,02:05:52,05:02:27,Ironman 70.3 Xi'an,09/15/2019,"Xi'an, China
"
30,Zongshan Fang,692,M45-49,CHN,03:01:09,01:55:30,05:02:38,Ironman 70.3 Xi'an,09/15/2019,"Xi'an, China
"
7,Kunyang Yuan,843,F30-34,CHN,03:01:45,01:54:32,05:02:55,Ironman 70.3 Xi'an,09/15/2019,"Xi'an, China
"
38,Zhonghua Wu,415,M35-39,CHN,02:45:33,02:12:17,05:02:56,Ironman 70.3 Xi'an,09/15/2019,"Xi'an, China
"
3,Masaru Suzuki,791,M65-69,JPN,02:54:27,02:01:10,05:03:00,Ironman 70.3 Xi'an,09/15/2019,"Xi'an, China
"
39,Jiandong Lu,385,M35-39,CHN,03:03:07,01:53:07,05:03:09,Ironman 70.3 Xi'an,09/15/2019,"Xi'an, China
"
40,Bin Li,603,M40-44,CHN,03:11:40,01:45:04,05:03:10,Ironman 70.3 Xi'an,09/15/2019,"Xi'an, China
"
41,育根 汪,535,M40-44,CHN,03:07:12,01:51:45,05:03:38,Ironman 70.3 Xi'an,09/15/2019,"Xi'an, China
"
10,屹 武,216,M25-29,CHN,02:45:56,02:10:13,05:03:46,Ironman 70.3 Xi'an,09/15/2019,"Xi'an, China
"
42,Xusheng Guo,515,M40-44,CHN,02:59:37,01:58:05,05:04:05,Ironman 70.3 Xi'an,09/15/2019,"Xi'an, China
"
28,Team 跑者无疆八队,1044,RELAY-M,CHN,03:11:33,01:50:20,05:04:11,Ironman 70.3 Xi'an,09/15/2019,"Xi'an, China
"
29,Team Pflegeheim Cp,1015,RELAY-M,CHN,02:43:57,02:17:53,05:04:24,Ironman 70.3 Xi'an,09/15/2019,"Xi'an, China
"
35,Sheng Gong,289,M30-34,CHN,03:03:45,01:54:07,05:04:29,Ironman 70.3 Xi'an,09/15/2019,"Xi'an, China
"
2,Natalie Edwards,103,F40-44,AUS,02:50:25,02:09:25,05:04:53,Ironman 70.3 Xi'an,09/15/2019,"Xi'an, China
"
11,Ruopeng Gu,257,M25-29,CHN,02:52:26,02:04:34,05:05:28,Ironman 70.3 Xi'an,09/15/2019,"Xi'an, China
"
40,宇 刘,406,M35-39,CHN,02:40:49,02:19:24,05:06:06,Ironman 70.3 Xi'an,09/15/2019,"Xi'an, China
"
43,Bing Wu,171,M40-44,CHN,02:55:22,02:03:11,05:06:10,Ironman 70.3 Xi'an,09/15/2019,"Xi'an, China
"
30,Team 疾风队,1035,RELAY-M,CHN,03:20:32,01:43:38,05:06:13,Ironman 70.3 Xi'an,09/15/2019,"Xi'an, China
"
41,Tok Fung Sam Pun,387,M35-39,HKG,02:50:19,02:10:50,05:06:18,Ironman 70.3 Xi'an,09/15/2019,"Xi'an, China
"
4,Team 跑者无疆9,1043,RELAY-MIX,CHN,03:14:36,01:49:09,05:06:28,Ironman 70.3 Xi'an,09/15/2019,"Xi'an, China
"
4,Ken Rae,101,M65-69,AUS,02:51:02,02:10:37,05:06:53,Ironman 70.3 Xi'an,09/15/2019,"Xi'an, China
"
42,Xiaowei Qin,503,M35-39,CHN,02:54:52,02:08:10,05:06:56,Ironman 70.3 Xi'an,09/15/2019,"Xi'an, China
"
43,Xiao Peng Zhao,388,M35-39,CHN,02:57:49,02:00:04,05:06:56,Ironman 70.3 Xi'an,09/15/2019,"Xi'an, China
"
31,Xingjian Wang,640,M45-49,CAN,02:56:08,02:03:15,05:07:09,Ironman 70.3 Xi'an,09/15/2019,"Xi'an, China
"
20,Masanori Sakurai,123,M50-54,JPN,02:48:27,02:12:37,05:07:12,Ironman 70.3 Xi'an,09/15/2019,"Xi'an, China
"
12,Wen Jing Wang,219,M25-29,CHN,02:51:12,02:11:17,05:07:24,Ironman 70.3 Xi'an,09/15/2019,"Xi'an, China
"
6,Jenny Harrison,835,F25-29,GBR,03:12:04,01:51:59,05:07:25,Ironman 70.3 Xi'an,09/15/2019,"Xi'an, China
"
7,Harumi Hitomi,958,F45-49,JPN,03:05:14,01:54:57,05:07:26,Ironman 70.3 Xi'an,09/15/2019,"Xi'an, China
"
44,Huanian Chen,508,M35-39,CHN,02:48:11,02:16:01,05:07:44,Ironman 70.3 Xi'an,09/15/2019,"Xi'an, China
"
36,Fan Huang,306,M30-34,CHN,02:34:26,02:29:21,05:07:56,Ironman 70.3 Xi'an,09/15/2019,"Xi'an, China
"
32,Hideaki Matsuoka,633,M45-49,JPN,03:00:01,01:59:54,05:08:01,Ironman 70.3 Xi'an,09/15/2019,"Xi'an, China
"
45,壮业 王,493,M35-39,CHN,02:49:57,02:10:44,05:08:02,Ironman 70.3 Xi'an,09/15/2019,"Xi'an, China
"
46,晓峰 郭,494,M35-39,CHN,02:55:17,02:05:49,05:08:18,Ironman 70.3 Xi'an,09/15/2019,"Xi'an, China
"
33,Jianping Qi,639,M45-49,CHN,02:43:50,02:18:03,05:08:48,Ironman 70.3 Xi'an,09/15/2019,"Xi'an, China
"
44,Liang Liu,539,M40-44,CHN,02:50:46,02:13:20,05:08:51,Ironman 70.3 Xi'an,09/15/2019,"Xi'an, China
"
45,Peng Wang,602,M40-44,CHN,03:08:36,01:53:25,05:09:19,Ironman 70.3 Xi'an,09/15/2019,"Xi'an, China
"
2,Team 长安girls,1062,RELAY-F,CHN,03:07:10,02:00:05,05:09:33,Ironman 70.3 Xi'an,09/15/2019,"Xi'an, China
"
9,Team 小梦龙可爱多,1057,RELAY-MIX,CHN,03:10:46,01:57:03,05:09:55,Ironman 70.3 Xi'an,09/15/2019,"Xi'an, China
"
5,Wan-Chi Li,776,M60-64,TWN,03:03:54,01:58:57,05:09:55,Ironman 70.3 Xi'an,09/15/2019,"Xi'an, China
"
34,志刚 邵,693,M45-49,CHN,03:00:26,02:01:55,05:10:11,Ironman 70.3 Xi'an,09/15/2019,"Xi'an, China
"
35,Wen Sun,691,M45-49,CHN,02:56:22,02:07:18,05:10:15,Ironman 70.3 Xi'an,09/15/2019,"Xi'an, China
"
31,Team 跑者无疆10,1040,RELAY-M,CHN,03:04:56,02:03:21,05:10:39,Ironman 70.3 Xi'an,09/15/2019,"Xi'an, China
"
21,Lijun Wang,741,M50-54,CHN,03:00:04,02:04:43,05:10:56,Ironman 70.3 Xi'an,09/15/2019,"Xi'an, China
"
47,刘安 徐,419,M35-39,CHN,02:48:41,02:14:44,05:10:57,Ironman 70.3 Xi'an,09/15/2019,"Xi'an, China
"
46,Hong Wu,610,M40-44,CHN,02:55:43,02:10:32,05:11:08,Ironman 70.3 Xi'an,09/15/2019,"Xi'an, China
"
47,Lianqin Yu,615,M40-44,CHN,03:11:55,01:51:19,05:11:08,Ironman 70.3 Xi'an,09/15/2019,"Xi'an, China
"
22,文津 李,734,M50-54,CHN,02:49:01,02:16:33,05:11:19,Ironman 70.3 Xi'an,09/15/2019,"Xi'an, China
"
23,Fenliang Hu,740,M50-54,CHN,02:59:42,02:06:36,05:11:28,Ironman 70.3 Xi'an,09/15/2019,"Xi'an, China
"
36,Yuejiang Liu,644,M45-49,CHN,02:59:08,02:08:51,05:11:28,Ironman 70.3 Xi'an,09/15/2019,"Xi'an, China
"
24,Tomoyuki Matsuda,124,M50-54,JPN,02:47:50,02:19:11,05:11:50,Ironman 70.3 Xi'an,09/15/2019,"Xi'an, China
"
6,富路 齐,786,M60-64,CHN,02:54:43,02:07:48,05:11:57,Ironman 70.3 Xi'an,09/15/2019,"Xi'an, China
"
48,健强 魏,550,M40-44,CHN,03:15:23,01:50:22,05:12:09,Ironman 70.3 Xi'an,09/15/2019,"Xi'an, China
"
48,Aaron Baumgartner,500,M35-39,CHN,03:16:00,01:50:39,05:12:10,Ironman 70.3 Xi'an,09/15/2019,"Xi'an, China
"
32,Team Open Access Bpo,1014,RELAY-M,PHL,03:18:25,01:50:30,05:12:13,Ironman 70.3 Xi'an,09/15/2019,"Xi'an, China
"
49,Chun Hung Tsang,428,M35-39,HKG,02:58:35,02:07:00,05:12:17,Ironman 70.3 Xi'an,09/15/2019,"Xi'an, China
"
37,Joseph Wong,634,M45-49,SGP,02:50:21,02:16:06,05:12:33,Ironman 70.3 Xi'an,09/15/2019,"Xi'an, China
"
9,Jinghao Li,212,M18-24,CHN,02:54:51,02:11:42,05:12:39,Ironman 70.3 Xi'an,09/15/2019,"Xi'an, China
"
5,Yang Yang,879,F35-39,CHN,03:10:12,01:55:24,05:12:42,Ironman 70.3 Xi'an,09/15/2019,"Xi'an, China
"
13,乔展 乔,262,M25-29,CHN,02:59:12,02:08:59,05:12:43,Ironman 70.3 Xi'an,09/15/2019,"Xi'an, China
"
38,Lei Zhu,119,M45-49,CHN,02:58:30,02:09:10,05:12:56,Ironman 70.3 Xi'an,09/15/2019,"Xi'an, China
"
5,Ping Xu,130,M65-69,CHN,02:51:02,02:17:45,05:13:02,Ironman 70.3 Xi'an,09/15/2019,"Xi'an, China
"
7,Ngan Lam,144,F25-29,VNM,03:08:12,02:02:03,05:14:02,Ironman 70.3 Xi'an,09/15/2019,"Xi'an, China
"
39,俊峰 乔,679,M45-49,CHN,02:44:28,02:22:20,05:14:12,Ironman 70.3 Xi'an,09/15/2019,"Xi'an, China
"
37,Shuangyu Ye,272,M30-34,CHN,03:00:23,02:09:02,05:14:28,Ironman 70.3 Xi'an,09/15/2019,"Xi'an, China
"
40,Ansong Li,176,M45-49,CHN,02:49:01,02:20:35,05:15:02,Ironman 70.3 Xi'an,09/15/2019,"Xi'an, China
"
3,Shiori Morioka,888,F40-44,JPN,02:48:52,02:20:58,05:15:12,Ironman 70.3 Xi'an,09/15/2019,"Xi'an, China
"
50,庆祥 索,397,M35-39,CHN,02:58:21,02:00:03,05:15:16,Ironman 70.3 Xi'an,09/15/2019,"Xi'an, China
"
38,Hainan Song,372,M30-34,CHN,02:58:05,02:10:33,05:15:21,Ironman 70.3 Xi'an,09/15/2019,"Xi'an, China
"
8,荣娟 马,873,F30-34,CHN,02:58:37,02:13:15,05:15:22,Ironman 70.3 Xi'an,09/15/2019,"Xi'an, China
"
25,Yong Ma,744,M50-54,CHN,02:54:14,02:14:54,05:15:52,Ironman 70.3 Xi'an,09/15/2019,"Xi'an, China
"
39,Kevin Adrian Gentle,303,M30-34,FRA,03:10:43,01:57:46,05:15:53,Ironman 70.3 Xi'an,09/15/2019,"Xi'an, China
"
15,小林 浩,768,M55-59,JPN,03:03:27,02:05:10,05:16:02,Ironman 70.3 Xi'an,09/15/2019,"Xi'an, China
"
40,Wentao Bai,379,M30-34,CHN,03:06:04,02:01:05,05:16:11,Ironman 70.3 Xi'an,09/15/2019,"Xi'an, China
"
49,Bo Wang,541,M40-44,CHN,03:09:54,01:58:15,05:17:03,Ironman 70.3 Xi'an,09/15/2019,"Xi'an, China
"
51,Chang He,391,M35-39,CHN,03:05:06,02:02:40,05:17:15,Ironman 70.3 Xi'an,09/15/2019,"Xi'an, China
"
26,德文 刘,746,M50-54,CHN,02:58:29,02:12:24,05:17:28,Ironman 70.3 Xi'an,09/15/2019,"Xi'an, China
"
27,Voon Keat Lai,706,M50-54,MYS,02:45:11,02:26:33,05:17:36,Ironman 70.3 Xi'an,09/15/2019,"Xi'an, China
"
6,Xueru Yang,886,F35-39,CHN,03:10:53,01:59:52,05:17:51,Ironman 70.3 Xi'an,09/15/2019,"Xi'an, China
"
16,Jianguo Liu,770,M55-59,CHN,02:55:34,02:12:40,05:18:09,Ironman 70.3 Xi'an,09/15/2019,"Xi'an, China
"
17,Zhifa Luo,759,M55-59,CHN,03:07:22,02:02:09,05:18:41,Ironman 70.3 Xi'an,09/15/2019,"Xi'an, China
"
14,Chunyi Wan,259,M25-29,CHN,02:52:19,02:13:17,05:18:52,Ironman 70.3 Xi'an,09/15/2019,"Xi'an, China
"
41,Ting Zhe Yan,670,M45-49,CHN,03:00:57,02:09:45,05:19:11,Ironman 70.3 Xi'an,09/15/2019,"Xi'an, China
"
50,Jiadong Zhao,617,M40-44,CHN,03:05:46,02:05:36,05:19:31,Ironman 70.3 Xi'an,09/15/2019,"Xi'an, China
"
51,Xianghui Guo,606,M40-44,CHN,02:55:35,02:18:44,05:19:33,Ironman 70.3 Xi'an,09/15/2019,"Xi'an, China
"
33,Team Specialized西安,1067,RELAY-M,CHN,02:55:56,02:22:39,05:20:48,Ironman 70.3 Xi'an,09/15/2019,"Xi'an, China
"
52,秋培 王,433,M35-39,CHN,03:32:41,01:42:36,05:20:54,Ironman 70.3 Xi'an,09/15/2019,"Xi'an, China
"
52,Lifang Liu,522,M40-44,CHN,03:06:35,02:08:37,05:21:03,Ironman 70.3 Xi'an,09/15/2019,"Xi'an, China
"
53,Ci Liu,496,M35-39,CHN,02:57:49,02:16:57,05:21:13,Ironman 70.3 Xi'an,09/15/2019,"Xi'an, China
"
28,Reinhard Matheis,736,M50-54,AUT,02:59:52,02:15:51,05:21:20,Ironman 70.3 Xi'an,09/15/2019,"Xi'an, China
"
6,Hideyuki Yoshikawa,790,M65-69,JPN,03:04:39,02:11:21,05:21:43,Ironman 70.3 Xi'an,09/15/2019,"Xi'an, China
"
7,Xu Wang,884,F35-39,CHN,02:59:42,02:14:47,05:21:59,Ironman 70.3 Xi'an,09/15/2019,"Xi'an, China
"
41,文征 韩,356,M30-34,CHN,03:15:31,01:58:01,05:22:14,Ironman 70.3 Xi'an,09/15/2019,"Xi'an, China
"
4,Saranya Romsaithong,915,F40-44,THA,03:01:58,02:16:30,05:22:24,Ironman 70.3 Xi'an,09/15/2019,"Xi'an, China
"
9,Meng Fan,875,F30-34,CHN,03:16:19,02:03:00,05:22:32,Ironman 70.3 Xi'an,09/15/2019,"Xi'an, China
"
34,Team 饮水思源,1060,RELAY-M,CHN,03:21:45,01:55:22,05:22:51,Ironman 70.3 Xi'an,09/15/2019,"Xi'an, China
"
42,Mingze Cheng,363,M30-34,CHN,03:00:42,02:15:03,05:23:10,Ironman 70.3 Xi'an,09/15/2019,"Xi'an, China
"
42,志荣 张,681,M45-49,CHN,02:53:30,02:23:57,05:23:17,Ironman 70.3 Xi'an,09/15/2019,"Xi'an, China
"
43,Bingai Cao,636,M45-49,CHN,03:08:11,02:04:50,05:23:17,Ironman 70.3 Xi'an,09/15/2019,"Xi'an, China
"
3,Felicia Johansson,803,F18-24,SWE,03:01:12,02:17:33,05:23:19,Ironman 70.3 Xi'an,09/15/2019,"Xi'an, China
"
10,Team Wonder One,1013,RELAY-MIX,CHN,03:20:52,01:59:14,05:23:43,Ironman 70.3 Xi'an,09/15/2019,"Xi'an, China
"
15,马 骏,255,M25-29,CHN,02:58:53,02:20:09,05:23:49,Ironman 70.3 Xi'an,09/15/2019,"Xi'an, China
"
10,Vince Christian Ang,204,M18-24,PHL,02:54:42,02:24:30,05:23:58,Ironman 70.3 Xi'an,09/15/2019,"Xi'an, China
"
43,Chuangxin Lu,294,M30-34,CHN,02:52:38,02:18:21,05:24:06,Ironman 70.3 Xi'an,09/15/2019,"Xi'an, China
"
8,Xin Yao,887,F35-39,CHN,02:56:31,02:21:02,05:24:09,Ironman 70.3 Xi'an,09/15/2019,"Xi'an, China
"
5,Grace Chung Yan Kwong,916,F40-44,HKG,03:06:06,02:12:28,05:24:11,Ironman 70.3 Xi'an,09/15/2019,"Xi'an, China
"
18,Ruilai Cui,760,M55-59,CHN,03:07:02,02:09:11,05:24:34,Ironman 70.3 Xi'an,09/15/2019,"Xi'an, China
"
54,Hong Yet Heng,392,M35-39,MYS,03:12:40,02:05:59,05:24:49,Ironman 70.3 Xi'an,09/15/2019,"Xi'an, China
"
8,Peihong Zhu,135,F45-49,CHN,03:13:53,02:05:12,05:24:51,Ironman 70.3 Xi'an,09/15/2019,"Xi'an, China
"
44,Yun Deng,671,M45-49,CHN,02:59:11,02:19:21,05:25:22,Ironman 70.3 Xi'an,09/15/2019,"Xi'an, China
"
29,Hongtao Wu,717,M50-54,CHN,03:08:02,02:08:20,05:25:50,Ironman 70.3 Xi'an,09/15/2019,"Xi'an, China
"
44,Tao Huang,376,M30-34,CHN,03:05:49,02:13:56,05:25:54,Ironman 70.3 Xi'an,09/15/2019,"Xi'an, China
"
53,Fan Yang,545,M40-44,CHN,03:02:34,02:14:59,05:26:43,Ironman 70.3 Xi'an,09/15/2019,"Xi'an, China
"
54,Libang Chen,537,M40-44,TWN,03:07:34,02:13:31,05:26:48,Ironman 70.3 Xi'an,09/15/2019,"Xi'an, China
"
55,Li Jia,521,M40-44,CHN,03:08:19,02:10:07,05:27:08,Ironman 70.3 Xi'an,09/15/2019,"Xi'an, China
"
5,Team 凤莎自强,1033,RELAY-MIX,CHN,03:13:45,02:10:20,05:27:20,Ironman 70.3 Xi'an,09/15/2019,"Xi'an, China
"
45,Shun Fang,374,M30-34,CHN,03:21:39,02:04:34,05:28:13,Ironman 70.3 Xi'an,09/15/2019,"Xi'an, China
"
7,Yasuaki Miki,774,M60-64,JPN,02:52:39,02:27:25,05:28:18,Ironman 70.3 Xi'an,09/15/2019,"Xi'an, China
"
46,Libing Yu,276,M30-34,CHN,03:19:29,02:04:09,05:28:44,Ironman 70.3 Xi'an,09/15/2019,"Xi'an, China
"
35,Team Ctf Ironman Team,1016,RELAY-M,CHN,03:02:33,02:02:11,05:28:46,Ironman 70.3 Xi'an,09/15/2019,"Xi'an, China
"
45,Qing Guo,648,M45-49,CHN,03:22:24,01:55:06,05:29:06,Ironman 70.3 Xi'an,09/15/2019,"Xi'an, China
"
11,Team 速豹疯狂铁人一队,1069,RELAY-MIX,CHN,03:30:51,01:54:42,05:29:37,Ironman 70.3 Xi'an,09/15/2019,"Xi'an, China
"
12,Team 馋师跑者,1024,RELAY-MIX,CHN,03:14:42,02:12:47,05:29:54,Ironman 70.3 Xi'an,09/15/2019,"Xi'an, China
"
36,Team 西建大推进战队2队,1055,RELAY-M,CHN,03:52:24,01:35:47,05:29:57,Ironman 70.3 Xi'an,09/15/2019,"Xi'an, China
"
55,Sen Huang,409,M35-39,CHN,03:08:54,02:13:37,05:30:12,Ironman 70.3 Xi'an,09/15/2019,"Xi'an, China
"
8,Mingrui Xie,780,M60-64,CHN,03:07:21,02:18:06,05:30:19,Ironman 70.3 Xi'an,09/15/2019,"Xi'an, China
"
46,Zhenguo Han,642,M45-49,CHN,02:56:39,02:28:10,05:30:22,Ironman 70.3 Xi'an,09/15/2019,"Xi'an, China
"
16,Linpeng Si,218,M25-29,CHN,02:53:10,02:30:45,05:30:35,Ironman 70.3 Xi'an,09/15/2019,"Xi'an, China
"
6,Team 郑州铁三一队,1063,RELAY-MIX,CHN,03:23:13,02:05:24,05:30:58,Ironman 70.3 Xi'an,09/15/2019,"Xi'an, China
"
8,雪薇 陆,811,F25-29,CHN,03:12:21,02:09:11,05:31:17,Ironman 70.3 Xi'an,09/15/2019,"Xi'an, China
"
3,Fukumoto Nagako,982,F55-59,JPN,03:19:47,02:08:13,05:31:28,Ironman 70.3 Xi'an,09/15/2019,"Xi'an, China
"
56,嘉 王,506,M35-39,CHN,03:07:50,02:14:27,05:31:33,Ironman 70.3 Xi'an,09/15/2019,"Xi'an, China
"
57,Jun Zhang,394,M35-39,CHN,03:02:50,02:22:49,05:31:39,Ironman 70.3 Xi'an,09/15/2019,"Xi'an, China
"
58,Ruoyu Xu,416,M35-39,CHN,03:05:10,02:21:26,05:32:01,Ironman 70.3 Xi'an,09/15/2019,"Xi'an, China
"
59,Bo Li,412,M35-39,CHN,03:10:05,02:15:32,05:32:13,Ironman 70.3 Xi'an,09/15/2019,"Xi'an, China
"
47,Xiang Liu,676,M45-49,CHN,03:16:03,02:10:08,05:32:19,Ironman 70.3 Xi'an,09/15/2019,"Xi'an, China
"
30,Tiong Lin Ang,698,M50-54,SGP,03:09:17,02:18:02,05:33:37,Ironman 70.3 Xi'an,09/15/2019,"Xi'an, China
"
17,Lizhi Jiang,217,M25-29,CHN,03:09:01,02:19:13,05:33:54,Ironman 70.3 Xi'an,09/15/2019,"Xi'an, China
"
56,Hendrik G Suryadi,523,M40-44,IDN,03:02:14,02:27:15,05:34:12,Ironman 70.3 Xi'an,09/15/2019,"Xi'an, China
"
48,明亮 张,673,M45-49,CHN,03:01:15,02:25:51,05:34:32,Ironman 70.3 Xi'an,09/15/2019,"Xi'an, China
"
49,Xin Feng,641,M45-49,CHN,03:17:16,02:05:15,05:34:38,Ironman 70.3 Xi'an,09/15/2019,"Xi'an, China
"
37,Team 周口铁人队,1072,RELAY-M,CHN,03:46:11,01:46:24,05:34:38,Ironman 70.3 Xi'an,09/15/2019,"Xi'an, China
"
57,Haitao Yang,533,M40-44,CHN,03:07:36,02:13:40,05:34:52,Ironman 70.3 Xi'an,09/15/2019,"Xi'an, China
"
18,Baizhang Li,263,M25-29,CHN,03:27:00,01:58:04,05:35:34,Ironman 70.3 Xi'an,09/15/2019,"Xi'an, China
"
10,Tianjiao Huang,837,F30-34,CHN,03:07:55,02:21:01,05:35:39,Ironman 70.3 Xi'an,09/15/2019,"Xi'an, China
"
4,Qing Zhang,805,F18-24,CHN,02:53:10,02:37:02,05:35:45,Ironman 70.3 Xi'an,09/15/2019,"Xi'an, China
"
60,Fan Chen,509,M35-39,CHN,03:21:56,02:08:30,05:36:02,Ironman 70.3 Xi'an,09/15/2019,"Xi'an, China
"
50,连国 赵,675,M45-49,CHN,03:07:27,02:20:03,05:36:14,Ironman 70.3 Xi'an,09/15/2019,"Xi'an, China
"
11,Wenjing Wang,840,F30-34,CHN,03:18:48,02:12:09,05:36:44,Ironman 70.3 Xi'an,09/15/2019,"Xi'an, China
"
47,Zhang Meng,295,M30-34,CHN,03:04:17,02:25:36,05:36:47,Ironman 70.3 Xi'an,09/15/2019,"Xi'an, China
"
61,涛 黄,514,M35-39,CHN,03:08:42,02:17:10,05:37:29,Ironman 70.3 Xi'an,09/15/2019,"Xi'an, China
"
31,Zengchao She,695,M50-54,CHN,03:26:33,02:03:53,05:37:29,Ironman 70.3 Xi'an,09/15/2019,"Xi'an, China
"
62,Chengliang Lu,413,M35-39,CHN,03:07:38,02:21:55,05:37:34,Ironman 70.3 Xi'an,09/15/2019,"Xi'an, China
"
58,Kevin Lee,544,M40-44,HKG,03:09:37,02:21:32,05:37:37,Ironman 70.3 Xi'an,09/15/2019,"Xi'an, China
"
38,Team 男人邦,1007,RELAY-M,CHN,03:19:39,02:16:00,05:37:55,Ironman 70.3 Xi'an,09/15/2019,"Xi'an, China
"
63,张 坦,486,M35-39,CHN,03:06:24,02:28:01,05:38:23,Ironman 70.3 Xi'an,09/15/2019,"Xi'an, China
"
59,金波 金,613,M40-44,CHN,03:14:16,02:19:01,05:38:36,Ironman 70.3 Xi'an,09/15/2019,"Xi'an, China
"
6,Fong Wai Rachel Tam,917,F40-44,HKG,03:26:51,02:02:35,05:38:38,Ironman 70.3 Xi'an,09/15/2019,"Xi'an, China
"
19,Wanbin Wu,267,M25-29,CHN,03:02:52,02:29:34,05:39:32,Ironman 70.3 Xi'an,09/15/2019,"Xi'an, China
"
7,Lisa Tong-Ng,918,F40-44,CAN,03:08:37,02:25:08,05:39:35,Ironman 70.3 Xi'an,09/15/2019,"Xi'an, China
"
51,Yonggang Ci,674,M45-49,CHN,03:12:06,02:22:38,05:39:35,Ironman 70.3 Xi'an,09/15/2019,"Xi'an, China
"
13,Team 阳光帅气的狮子王辛巴,1012,RELAY-MIX,CHN,03:24:48,02:10:40,05:39:39,Ironman 70.3 Xi'an,09/15/2019,"Xi'an, China
"
9,Qinghong Sun,977,F45-49,CHN,03:22:20,02:12:46,05:40:41,Ironman 70.3 Xi'an,09/15/2019,"Xi'an, China
"
4,Livia Zhang,984,F55-59,CAN,03:06:23,02:26:17,05:40:58,Ironman 70.3 Xi'an,09/15/2019,"Xi'an, China
"
8,Yue Ying,954,F40-44,CHN,03:25:45,02:04:26,05:41:26,Ironman 70.3 Xi'an,09/15/2019,"Xi'an, China
"
52,明洋 陈,682,M45-49,CHN,03:14:29,02:18:28,05:41:41,Ironman 70.3 Xi'an,09/15/2019,"Xi'an, China
"
14,Team 旅行团,1006,RELAY-MIX,CHN,03:51:48,01:46:47,05:42:03,Ironman 70.3 Xi'an,09/15/2019,"Xi'an, China
"
19,Yi Xie,773,M55-59,CHN,03:16:30,02:15:02,05:42:28,Ironman 70.3 Xi'an,09/15/2019,"Xi'an, China
"
32,Koji Kamimura,125,M50-54,JPN,03:14:40,02:18:19,05:42:34,Ironman 70.3 Xi'an,09/15/2019,"Xi'an, China
"
33,Rong Gu,694,M50-54,CHN,03:08:01,02:27:22,05:42:49,Ironman 70.3 Xi'an,09/15/2019,"Xi'an, China
"
64,Qing Kang,491,M35-39,CHN,03:08:10,02:26:34,05:42:59,Ironman 70.3 Xi'an,09/15/2019,"Xi'an, China
"
53,Zhao Zhang,629,M45-49,CHN,03:14:37,02:24:13,05:43:27,Ironman 70.3 Xi'an,09/15/2019,"Xi'an, China
"
60,Liang Wang,612,M40-44,CHN,03:08:43,02:28:38,05:43:33,Ironman 70.3 Xi'an,09/15/2019,"Xi'an, China
"
54,小战 刘,690,M45-49,CHN,03:05:56,02:28:41,05:43:43,Ironman 70.3 Xi'an,09/15/2019,"Xi'an, China
"
9,Hong Guo,955,F40-44,CHN,03:21:40,02:18:32,05:44:47,Ironman 70.3 Xi'an,09/15/2019,"Xi'an, China
"
48,自立 朱,358,M30-34,CHN,03:04:34,02:30:52,05:44:55,Ironman 70.3 Xi'an,09/15/2019,"Xi'an, China
"
55,宋 力键,623,M45-49,CHN,03:01:30,02:34:25,05:45:20,Ironman 70.3 Xi'an,09/15/2019,"Xi'an, China
"
56,Hao Li,628,M45-49,CHN,03:08:31,02:24:52,05:45:20,Ironman 70.3 Xi'an,09/15/2019,"Xi'an, China
"
39,Team 海之队,1034,RELAY-M,CHN,03:32:12,02:10:37,05:45:27,Ironman 70.3 Xi'an,09/15/2019,"Xi'an, China
"
61,Jun Ya,608,M40-44,CHN,03:24:50,02:15:15,05:45:52,Ironman 70.3 Xi'an,09/15/2019,"Xi'an, China
"
65,超 王,492,M35-39,CHN,03:12:38,02:24:33,05:46:03,Ironman 70.3 Xi'an,09/15/2019,"Xi'an, China
"
57,胜 汪,630,M45-49,CHN,03:13:37,02:24:21,05:47:06,Ironman 70.3 Xi'an,09/15/2019,"Xi'an, China
"
9,Chi Wai Wu,777,M60-64,HKG,03:16:50,02:20:24,05:47:09,Ironman 70.3 Xi'an,09/15/2019,"Xi'an, China
"
7,Chi Hung Leung,789,M65-69,HKG,03:13:31,02:27:12,05:47:11,Ironman 70.3 Xi'an,09/15/2019,"Xi'an, China
"
20,铭育 刘,254,M25-29,CHN,03:27:19,02:12:48,05:47:17,Ironman 70.3 Xi'an,09/15/2019,"Xi'an, China
"
34,强雄qiang Xiong 张zhang,712,M50-54,CHN,03:12:13,02:24:28,05:47:24,Ironman 70.3 Xi'an,09/15/2019,"Xi'an, China
"
35,Xianwei Wang,696,M50-54,CHN,03:32:36,02:04:35,05:49:05,Ironman 70.3 Xi'an,09/15/2019,"Xi'an, China
"
66,Haisu Sun,390,M35-39,CHN,03:45:54,01:57:55,05:49:11,Ironman 70.3 Xi'an,09/15/2019,"Xi'an, China
"
58,Shunchun Yang,672,M45-49,CHN,03:08:54,02:35:04,05:49:13,Ironman 70.3 Xi'an,09/15/2019,"Xi'an, China
"
49,Chunxiao Wang,308,M30-34,CHN,03:06:00,02:35:56,05:49:28,Ironman 70.3 Xi'an,09/15/2019,"Xi'an, China
"
67,佳 刘,488,M35-39,CHN,03:27:14,02:04:57,05:49:48,Ironman 70.3 Xi'an,09/15/2019,"Xi'an, China
"
15,Team 夕立,1052,RELAY-MIX,CHN,03:31:30,02:16:42,05:50:49,Ironman 70.3 Xi'an,09/15/2019,"Xi'an, China
"
50,Ruohan Zhang,287,M30-34,CHN,03:10:01,02:30:14,05:51:15,Ironman 70.3 Xi'an,09/15/2019,"Xi'an, China
"
68,Zhenliang Shen,403,M35-39,CHN,03:14:07,02:31:21,05:51:15,Ironman 70.3 Xi'an,09/15/2019,"Xi'an, China
"
69,丁 震,389,M35-39,CHN,03:27:37,02:15:05,05:51:16,Ironman 70.3 Xi'an,09/15/2019,"Xi'an, China
"
51,文博 赵,366,M30-34,CHN,03:13:45,02:32:27,05:51:17,Ironman 70.3 Xi'an,09/15/2019,"Xi'an, China
"
21,雨轩 陈,252,M25-29,CHN,03:25:41,02:20:04,05:51:42,Ironman 70.3 Xi'an,09/15/2019,"Xi'an, China
"
70,Sisi Liu,423,M35-39,CHN,03:08:51,02:31:39,05:51:43,Ironman 70.3 Xi'an,09/15/2019,"Xi'an, China
"
59,Jianying Liu,683,M45-49,CHN,03:16:43,02:24:21,05:52:13,Ironman 70.3 Xi'an,09/15/2019,"Xi'an, China
"
9,Xiao Li,912,F35-39,CHN,03:04:16,02:42:35,05:52:47,Ironman 70.3 Xi'an,09/15/2019,"Xi'an, China
"
60,Jing Yang,667,M45-49,CHN,02:54:31,02:49:18,05:52:51,Ironman 70.3 Xi'an,09/15/2019,"Xi'an, China
"
61,Lei Wang,684,M45-49,CHN,03:05:23,02:41:16,05:53:03,Ironman 70.3 Xi'an,09/15/2019,"Xi'an, China
"
71,Jialiang Xie,436,M35-39,CHN,03:11:32,02:34:19,05:54:11,Ironman 70.3 Xi'an,09/15/2019,"Xi'an, China
"
72,Yijun Zhang,112,M35-39,CHN,03:18:01,02:25:46,05:54:13,Ironman 70.3 Xi'an,09/15/2019,"Xi'an, China
"
36,Jianke Zhang,710,M50-54,CHN,03:16:51,02:32:55,05:54:41,Ironman 70.3 Xi'an,09/15/2019,"Xi'an, China
"
10,Jeneane Paxson,920,F40-44,SGP,03:20:20,02:28:00,05:54:48,Ironman 70.3 Xi'an,09/15/2019,"Xi'an, China
"
62,荣政 郭,687,M45-49,CHN,03:08:21,02:38:50,05:54:56,Ironman 70.3 Xi'an,09/15/2019,"Xi'an, China
"
10,Kung Kin Tso,778,M60-64,HKG,03:01:38,02:45:32,05:55:57,Ironman 70.3 Xi'an,09/15/2019,"Xi'an, China
"
73,Ding Xu,512,M35-39,CHN,03:05:25,02:45:07,05:56:25,Ironman 70.3 Xi'an,09/15/2019,"Xi'an, China
"
11,Zijie Chen,213,M18-24,CHN,02:52:57,02:47:15,05:56:26,Ironman 70.3 Xi'an,09/15/2019,"Xi'an, China
"
10,Wai Fun Liu,149,F45-49,HKG,02:57:13,02:54:03,05:56:33,Ironman 70.3 Xi'an,09/15/2019,"Xi'an, China
"
52,Huanle Guo,375,M30-34,CHN,03:01:14,02:45:00,05:56:37,Ironman 70.3 Xi'an,09/15/2019,"Xi'an, China
"
53,Wei Wong,274,M30-34,CHN,03:24:09,02:21:18,05:56:44,Ironman 70.3 Xi'an,09/15/2019,"Xi'an, China
"
37,Tao Lan,699,M50-54,CHN,03:17:15,02:30:16,05:57:14,Ironman 70.3 Xi'an,09/15/2019,"Xi'an, China
"
38,Fong Cheung Tsang,700,M50-54,HKG,03:10:07,02:39:47,05:57:41,Ironman 70.3 Xi'an,09/15/2019,"Xi'an, China
"
12,Biyun Zhang,877,F30-34,CHN,03:19:45,02:26:02,05:57:43,Ironman 70.3 Xi'an,09/15/2019,"Xi'an, China
"
39,Jin Wei,716,M50-54,CHN,03:15:45,02:35:04,05:57:56,Ironman 70.3 Xi'an,09/15/2019,"Xi'an, China
"
40,Yueyan Li,738,M50-54,CHN,03:20:04,02:30:16,05:58:14,Ironman 70.3 Xi'an,09/15/2019,"Xi'an, China
"
62,金 硕,542,M40-44,CHN,03:12:17,02:38:24,05:58:15,Ironman 70.3 Xi'an,09/15/2019,"Xi'an, China
"
41,姜 岩,733,M50-54,CHN,03:03:01,02:48:11,05:58:44,Ironman 70.3 Xi'an,09/15/2019,"Xi'an, China
"
54,Yang Zhang,298,M30-34,CHN,03:09:47,02:39:27,05:59:37,Ironman 70.3 Xi'an,09/15/2019,"Xi'an, China
"
10,Jiajia Zhao,881,F35-39,CHN,03:32:08,02:18:10,06:00:02,Ironman 70.3 Xi'an,09/15/2019,"Xi'an, China
"
1,Junfan Pan,46,M PC,CHN,03:31:29,02:24:16,06:00:50,Ironman 70.3 Xi'an,09/15/2019,"Xi'an, China
"
1,Kiyomi Saito,985,F50-54,JPN,03:22:04,02:34:30,06:01:31,Ironman 70.3 Xi'an,09/15/2019,"Xi'an, China
"
7,Team 仨麻小,1008,RELAY-MIX,CHN,02:59:42,02:59:47,06:02:01,Ironman 70.3 Xi'an,09/15/2019,"Xi'an, China
"
20,曾义 曾,769,M55-59,CHN,03:18:10,02:36:28,06:02:27,Ironman 70.3 Xi'an,09/15/2019,"Xi'an, China
"
22,魏 武,251,M25-29,CHN,03:22:46,02:32:42,06:03:10,Ironman 70.3 Xi'an,09/15/2019,"Xi'an, China
"
1,Eleanor Dally,989,F60-64,NZL,03:09:49,02:46:32,06:03:32,Ironman 70.3 Xi'an,09/15/2019,"Xi'an, China
"
74,Tanghai Zhan,405,M35-39,CHN,03:44:28,02:11:57,06:03:38,Ironman 70.3 Xi'an,09/15/2019,"Xi'an, China
"
5,璟瑄 蔡,801,F18-24,CHN,03:33:40,02:25:09,06:03:38,Ironman 70.3 Xi'an,09/15/2019,"Xi'an, China
"
42,靖翰 林,745,M50-54,CHN,03:12:15,02:43:19,06:03:39,Ironman 70.3 Xi'an,09/15/2019,"Xi'an, China
"
21,David Slocombe,757,M55-59,NZL,03:08:31,02:47:09,06:04:36,Ironman 70.3 Xi'an,09/15/2019,"Xi'an, China
"
1,Xiangdong Wen,132,M70-74,CHN,03:15:37,02:39:11,06:04:38,Ironman 70.3 Xi'an,09/15/2019,"Xi'an, China
"
63,Luwen Fan,649,M45-49,CHN,03:26:17,02:27:51,06:05:07,Ironman 70.3 Xi'an,09/15/2019,"Xi'an, China
"
75,Da Peng Luo,502,M35-39,CHN,03:06:22,02:53:35,06:05:53,Ironman 70.3 Xi'an,09/15/2019,"Xi'an, China
"
55,鹏 孙,362,M30-34,CHN,03:22:15,02:31:36,06:07:02,Ironman 70.3 Xi'an,09/15/2019,"Xi'an, China
"
5,Janet Sy,136,F55-59,HKG,03:26:39,02:34:14,06:07:33,Ironman 70.3 Xi'an,09/15/2019,"Xi'an, China
"
6,Huiling Xie,983,F55-59,CHN,03:25:00,02:39:06,06:07:45,Ironman 70.3 Xi'an,09/15/2019,"Xi'an, China
"
63,鹏斌 傅,609,M40-44,CHN,03:25:14,02:35:41,06:08:47,Ironman 70.3 Xi'an,09/15/2019,"Xi'an, China
"
64,谢晓军 谢,547,M40-44,CHN,03:12:13,02:49:43,06:10:07,Ironman 70.3 Xi'an,09/15/2019,"Xi'an, China
"
76,Xiaofeng Mi,402,M35-39,CHN,03:40:14,02:18:29,06:10:24,Ironman 70.3 Xi'an,09/15/2019,"Xi'an, China
"
6,Lok Yi Annie Chan,802,F18-24,HKG,03:10:58,02:55:05,06:11:37,Ironman 70.3 Xi'an,09/15/2019,"Xi'an, China
"
43,蔡 洋,697,M50-54,CHN,03:22:10,02:45:37,06:11:43,Ironman 70.3 Xi'an,09/15/2019,"Xi'an, China
"
56,Wenyu Zhao,278,M30-34,CHN,02:51:20,03:09:59,06:11:52,Ironman 70.3 Xi'an,09/15/2019,"Xi'an, China
"
11,Ai Horiuchi,919,F40-44,JPN,03:43:21,02:20:51,06:12:31,Ironman 70.3 Xi'an,09/15/2019,"Xi'an, China
"
57,Zhijin Hu,365,M30-34,CHN,03:28:08,02:34:57,06:12:41,Ironman 70.3 Xi'an,09/15/2019,"Xi'an, China
"
58,恒志 康,373,M30-34,CHN,03:24:06,02:44:06,06:14:44,Ironman 70.3 Xi'an,09/15/2019,"Xi'an, China
"
64,Shihong Huang,643,M45-49,CHN,03:34:48,02:33:51,06:15:25,Ironman 70.3 Xi'an,09/15/2019,"Xi'an, China
"
65,Hung-Peng Yang,546,M40-44,CHN,02:56:17,03:06:13,06:15:55,Ironman 70.3 Xi'an,09/15/2019,"Xi'an, China
"
23,强 郑,265,M25-29,CHN,03:20:54,02:47:01,06:16:20,Ironman 70.3 Xi'an,09/15/2019,"Xi'an, China
"
44,Tony Cheung,704,M50-54,CHN,03:14:27,02:55:50,06:16:42,Ironman 70.3 Xi'an,09/15/2019,"Xi'an, China
"
8,健 马,796,M65-69,CHN,03:43:38,02:23:30,06:16:48,Ironman 70.3 Xi'an,09/15/2019,"Xi'an, China
"
9,Jingting Liao,808,F25-29,CHN,03:27:33,02:44:17,06:17:00,Ironman 70.3 Xi'an,09/15/2019,"Xi'an, China
"
77,Nan Chen,495,M35-39,CHN,02:59:36,03:10:45,06:17:27,Ironman 70.3 Xi'an,09/15/2019,"Xi'an, China
"
78,潘一平 潘,499,M35-39,CHN,03:27:49,02:43:19,06:17:36,Ironman 70.3 Xi'an,09/15/2019,"Xi'an, China
"
66,Zhi Sheng Liang,530,M40-44,CHN,03:38:07,02:33:20,06:18:08,Ironman 70.3 Xi'an,09/15/2019,"Xi'an, China
"
79,Peng Li,438,M35-39,CHN,03:06:27,03:04:45,06:18:41,Ironman 70.3 Xi'an,09/15/2019,"Xi'an, China
"
45,Wei Yu,742,M50-54,CHN,03:37:40,02:24:08,06:18:56,Ironman 70.3 Xi'an,09/15/2019,"Xi'an, China
"
80,Feng Zhao,395,M35-39,CHN,03:26:44,02:47:18,06:19:55,Ironman 70.3 Xi'an,09/15/2019,"Xi'an, China
"
59,Mingxuan Zhou,370,M30-34,CHN,03:45:42,02:20:23,06:21:12,Ironman 70.3 Xi'an,09/15/2019,"Xi'an, China
"
46,明东 谢,702,M50-54,CHN,03:30:43,02:45:13,06:21:44,Ironman 70.3 Xi'an,09/15/2019,"Xi'an, China
"
60,孟迅 李,300,M30-34,CHN,03:08:03,03:05:53,06:27:46,Ironman 70.3 Xi'an,09/15/2019,"Xi'an, China
"
40,Team Ikun冲重铳,1017,RELAY-M,CHN,03:50:45,02:35:43,06:28:12,Ironman 70.3 Xi'an,09/15/2019,"Xi'an, China
"
12,Jiaxi Yang,201,M18-24,CHN,03:31:34,02:44:21,06:28:27,Ironman 70.3 Xi'an,09/15/2019,"Xi'an, China
"
65,Jianghai An,688,M45-49,CHN,03:25:50,02:54:46,06:29:04,Ironman 70.3 Xi'an,09/15/2019,"Xi'an, China
"
81,Li Liang,422,M35-39,CHN,03:11:35,03:07:18,06:29:23,Ironman 70.3 Xi'an,09/15/2019,"Xi'an, China
"
11,Chunbo Tao,975,F45-49,CHN,03:31:22,02:48:12,06:29:24,Ironman 70.3 Xi'an,09/15/2019,"Xi'an, China
"
67,朋 王,611,M40-44,CHN,03:39:24,02:46:31,06:29:46,Ironman 70.3 Xi'an,09/15/2019,"Xi'an, China
"
82,生牧 牛,490,M35-39,CHN,03:35:40,02:40:04,06:30:06,Ironman 70.3 Xi'an,09/15/2019,"Xi'an, China
"
61,陈向省 陈,382,M30-34,CHN,03:41:03,02:43:45,06:30:25,Ironman 70.3 Xi'an,09/15/2019,"Xi'an, China
"
62,Zhiyong Fu,270,M30-34,CHN,03:28:35,02:49:15,06:31:23,Ironman 70.3 Xi'an,09/15/2019,"Xi'an, China
"
8,Team 铁三小分队,1010,RELAY-MIX,CHN,03:53:40,02:36:05,06:32:41,Ironman 70.3 Xi'an,09/15/2019,"Xi'an, China
"
13,Ling Fan,876,F30-34,CHN,03:38:11,02:41:57,06:32:42,Ironman 70.3 Xi'an,09/15/2019,"Xi'an, China
"
66,Kai Cheng,621,M45-49,CHN,03:28:49,02:51:14,06:32:50,Ironman 70.3 Xi'an,09/15/2019,"Xi'an, China
"
83,家铭 韩,420,M35-39,CHN,03:33:44,02:50:41,06:33:54,Ironman 70.3 Xi'an,09/15/2019,"Xi'an, China
"
12,小琴 游,921,F40-44,CHN,03:51:57,02:37:24,06:36:12,Ironman 70.3 Xi'an,09/15/2019,"Xi'an, China
"
22,Michael Ren,749,M55-59,CAN,03:27:59,02:54:55,06:36:35,Ironman 70.3 Xi'an,09/15/2019,"Xi'an, China
"
47,Fan Lin,748,M50-54,CHN,03:43:57,02:49:27,06:37:12,Ironman 70.3 Xi'an,09/15/2019,"Xi'an, China
"
11,Jia Liu,911,F35-39,CHN,03:37:41,02:53:49,06:37:14,Ironman 70.3 Xi'an,09/15/2019,"Xi'an, China
"
2,Zhang Yun You,800,M70-74,CHN,04:00:08,02:21:03,06:37:21,Ironman 70.3 Xi'an,09/15/2019,"Xi'an, China
"
16,Team 三合队,1049,RELAY-MIX,CHN,02:45:53,02:41:29,06:37:56,Ironman 70.3 Xi'an,09/15/2019,"Xi'an, China
"
68,Longxing Ha,543,M40-44,CHN,03:29:20,02:58:26,06:39:25,Ironman 70.3 Xi'an,09/15/2019,"Xi'an, China
"
69,Gang Wang,614,M40-44,CHN,03:19:18,03:12:55,06:41:00,Ironman 70.3 Xi'an,09/15/2019,"Xi'an, China
"
84,Mingzhe Zhang,504,M35-39,CHN,03:30:23,02:59:13,06:41:06,Ironman 70.3 Xi'an,09/15/2019,"Xi'an, China
"
12,Xiaoding Zhou,883,F35-39,CHN,03:48:22,02:47:49,06:41:54,Ironman 70.3 Xi'an,09/15/2019,"Xi'an, China
"
70,Qu Ye,534,M40-44,CHN,03:20:44,03:09:19,06:42:02,Ironman 70.3 Xi'an,09/15/2019,"Xi'an, China
"
85,霄亮 姚,513,M35-39,CHN,03:49:39,02:38:44,06:42:57,Ironman 70.3 Xi'an,09/15/2019,"Xi'an, China
"
9,Fai Ming Chan,788,M65-69,HKG,03:34:31,02:59:40,06:43:56,Ironman 70.3 Xi'an,09/15/2019,"Xi'an, China
"
41,Team 大秦铁人振江队,1073,RELAY-M,CHN,03:35:49,02:59:16,06:44:31,Ironman 70.3 Xi'an,09/15/2019,"Xi'an, China
"
11,Zhongxin Wu,787,M60-64,CHN,03:19:45,03:24:44,06:50:44,Ironman 70.3 Xi'an,09/15/2019,"Xi'an, China
"
23,玉喜 杨,772,M55-59,CHN,03:41:59,02:57:56,06:50:47,Ironman 70.3 Xi'an,09/15/2019,"Xi'an, China
"
14,Shan Wang,874,F30-34,CHN,03:43:46,03:02:35,06:54:30,Ironman 70.3 Xi'an,09/15/2019,"Xi'an, China
"
12,Lihong Tan,973,F45-49,CHN,03:26:03,03:16:41,06:55:21,Ironman 70.3 Xi'an,09/15/2019,"Xi'an, China
"
3,常康 廖,799,M70-74,CHN,03:43:59,03:09:04,07:00:32,Ironman 70.3 Xi'an,09/15/2019,"Xi'an, China
"
63,王辽 王,377,M30-34,CHN,04:05:30,02:51:27,07:05:36,Ironman 70.3 Xi'an,09/15/2019,"Xi'an, China
"
13,勰 袁,882,F35-39,CHN,04:09:00,02:49:45,07:05:38,Ironman 70.3 Xi'an,09/15/2019,"Xi'an, China
"
1,Tadashi Horiuchi,174,M75-79,JPN,04:05:48,02:52:47,07:07:52,Ironman 70.3 Xi'an,09/15/2019,"Xi'an, China
"
48,嘉 张,737,M50-54,CHN,03:35:21,03:15:17,07:08:48,Ironman 70.3 Xi'an,09/15/2019,"Xi'an, China
"
