Place,Name,Bib,Division,Nation,Swim,Bike,Run,Time,Race,Date,Location
1,Marius Elvedal,666,M30-34,NOR,00:24:45,02:23:40,01:19:24,04:12:08,Ironman 70.3 Haugesund,06/30/2019,"Haugesund, Norway"
1,Finn Arentz,14,M18-24,GBR,00:24:54,02:25:23,01:21:26,04:16:50,Ironman 70.3 Haugesund,06/30/2019,"Haugesund, Norway"
1,Erik Marki Bjorli,450,M45-49,NOR,00:29:03,02:24:19,01:20:05,04:19:03,Ironman 70.3 Haugesund,06/30/2019,"Haugesund, Norway"
1,Fredrik Linge,5,M35-39,NOR,00:29:31,02:23:46,01:22:19,04:19:46,Ironman 70.3 Haugesund,06/30/2019,"Haugesund, Norway"
2,Joshua Hodge,308,M30-34,DEN,00:27:48,02:29:52,01:19:00,04:22:30,Ironman 70.3 Haugesund,06/30/2019,"Haugesund, Norway"
2,Jan-Morten Ra,660,M35-39,NOR,00:26:12,02:26:07,01:24:09,04:22:36,Ironman 70.3 Haugesund,06/30/2019,"Haugesund, Norway"
3,Torjus Kolnes,678,M30-34,NOR,00:27:17,02:25:42,01:25:27,04:23:15,Ironman 70.3 Haugesund,06/30/2019,"Haugesund, Norway"
3,Bård Ole Thorsen,685,M35-39,NOR,00:28:27,02:24:13,01:26:08,04:23:39,Ironman 70.3 Haugesund,06/30/2019,"Haugesund, Norway"
1,Cyril Pochon,428,M40-44,FRA,00:25:58,02:29:11,01:22:50,04:24:36,Ironman 70.3 Haugesund,06/30/2019,"Haugesund, Norway"
1,Robert Budge,238,M25-29,NZL,00:27:43,02:30:07,01:21:10,04:24:59,Ironman 70.3 Haugesund,06/30/2019,"Haugesund, Norway"
4,Christian Nordkvelde,20,M30-34,NOR,00:26:27,02:24:50,01:28:47,04:25:22,Ironman 70.3 Haugesund,06/30/2019,"Haugesund, Norway"
2,Lucas Maréchet,622,M25-29,FRA,00:26:41,02:33:39,01:21:57,04:28:00,Ironman 70.3 Haugesund,06/30/2019,"Haugesund, Norway"
-,Mad Men ,811,URELAY,NOR,00:33:28,02:26:28,01:24:37,04:28:24,Ironman 70.3 Haugesund,06/30/2019,"Haugesund, Norway"
2,Siebe Meeus,222,M18-24,BEL,00:30:21,02:27:38,01:27:06,04:29:22,Ironman 70.3 Haugesund,06/30/2019,"Haugesund, Norway"
5,Torsten Holz,301,M30-34,GER,00:26:02,02:34:22,01:27:30,04:32:59,Ironman 70.3 Haugesund,06/30/2019,"Haugesund, Norway"
6,Roderick Van Zuylen,23,M30-34,NED,00:26:51,02:23:35,01:37:43,04:33:12,Ironman 70.3 Haugesund,06/30/2019,"Haugesund, Norway"
7,Rasmus Lindhardt Birkelid,661,M30-34,NOR,00:29:07,02:29:35,01:28:39,04:33:36,Ironman 70.3 Haugesund,06/30/2019,"Haugesund, Norway"
1,Renè Gjøg,510,M50-54,DEN,00:27:00,02:26:57,01:34:03,04:33:57,Ironman 70.3 Haugesund,06/30/2019,"Haugesund, Norway"
4,Eirik Johannessen,650,M35-39,KOS,00:30:03,02:35:00,01:22:34,04:34:00,Ironman 70.3 Haugesund,06/30/2019,"Haugesund, Norway"
5,Anton Vdovin,29,M35-39,RUS,00:30:13,02:29:41,01:27:07,04:35:13,Ironman 70.3 Haugesund,06/30/2019,"Haugesund, Norway"
3,Christian Bjerkreim,48,M25-29,NOR,00:27:59,02:35:06,01:26:50,04:35:31,Ironman 70.3 Haugesund,06/30/2019,"Haugesund, Norway"
2,Bjørnar Evensen,636,M45-49,NOR,00:24:53,02:30:45,01:34:09,04:36:10,Ironman 70.3 Haugesund,06/30/2019,"Haugesund, Norway"
6,Florian Hubrich,27,M35-39,GER,00:32:31,02:28:10,01:28:58,04:36:13,Ironman 70.3 Haugesund,06/30/2019,"Haugesund, Norway"
8,Evgeniy Kuznetsov,311,M30-34,RUS,00:30:42,02:31:00,01:27:26,04:36:22,Ironman 70.3 Haugesund,06/30/2019,"Haugesund, Norway"
2,Daniel Hektoen,669,M40-44,NOR,00:31:03,02:24:30,01:35:46,04:36:35,Ironman 70.3 Haugesund,06/30/2019,"Haugesund, Norway"
9,Aleksander Olszewski,326,M30-34,POL,00:29:25,02:28:01,01:34:09,04:36:41,Ironman 70.3 Haugesund,06/30/2019,"Haugesund, Norway"
10,Mattia Boschetti,280,M30-34,ITA,00:26:14,02:33:03,01:30:18,04:36:47,Ironman 70.3 Haugesund,06/30/2019,"Haugesund, Norway"
4,Zachary Pywell,634,M25-29,GBR,00:24:41,02:32:04,01:34:57,04:37:12,Ironman 70.3 Haugesund,06/30/2019,"Haugesund, Norway"
7,Torbjorn Grimeland,26,M35-39,NOR,00:29:33,02:34:21,01:28:15,04:37:12,Ironman 70.3 Haugesund,06/30/2019,"Haugesund, Norway"
8,Florent Dussac,4,M35-39,FRA,00:30:29,02:32:13,01:28:58,04:37:24,Ironman 70.3 Haugesund,06/30/2019,"Haugesund, Norway"
11,Arvid Godtfredsen,295,M30-34,NOR,00:33:20,02:30:20,01:29:48,04:38:51,Ironman 70.3 Haugesund,06/30/2019,"Haugesund, Norway"
12,Kenneth Bergflødt,278,M30-34,NOR,00:28:59,02:29:23,01:34:03,04:39:07,Ironman 70.3 Haugesund,06/30/2019,"Haugesund, Norway"
3,Robin Thuresson,595,M40-44,SWE,00:30:05,02:27:41,01:35:05,04:39:19,Ironman 70.3 Haugesund,06/30/2019,"Haugesund, Norway"
2,Jean-Marie Mozzon,9,M50-54,SUI,00:27:30,02:30:21,01:35:46,04:39:45,Ironman 70.3 Haugesund,06/30/2019,"Haugesund, Norway"
9,Karl Boehm,588,M35-39,AUS,00:31:14,02:32:41,01:28:13,04:40:20,Ironman 70.3 Haugesund,06/30/2019,"Haugesund, Norway"
10,Sondre Bolstad,25,M35-39,NOR,00:29:19,02:33:51,01:31:44,04:41:17,Ironman 70.3 Haugesund,06/30/2019,"Haugesund, Norway"
13,Andrey Ovodkov,21,M30-34,RUS,00:28:53,02:37:33,01:29:28,04:42:36,Ironman 70.3 Haugesund,06/30/2019,"Haugesund, Norway"
5,Jan Schneider,258,M25-29,GER,00:28:44,02:45:16,01:22:08,04:42:40,Ironman 70.3 Haugesund,06/30/2019,"Haugesund, Norway"
11,Johan Strandberg,61,M35-39,SWE,00:29:03,02:30:39,01:34:49,04:42:40,Ironman 70.3 Haugesund,06/30/2019,"Haugesund, Norway"
3,Irek Korfini,625,M50-54,POL,00:32:57,02:32:10,01:31:20,04:42:53,Ironman 70.3 Haugesund,06/30/2019,"Haugesund, Norway"
3,Sindre Soerensen,489,M45-49,NOR,00:31:21,02:30:38,01:33:09,04:42:53,Ironman 70.3 Haugesund,06/30/2019,"Haugesund, Norway"
4,Morgan Hovden,668,M40-44,NOR,00:29:48,02:35:35,01:30:32,04:42:57,Ironman 70.3 Haugesund,06/30/2019,"Haugesund, Norway"
5,Andreas Skavhaug,438,M40-44,NOR,00:33:51,02:34:11,01:29:34,04:43:16,Ironman 70.3 Haugesund,06/30/2019,"Haugesund, Norway"
4,Håvard Boldvik,32,M45-49,NOR,00:31:59,02:33:16,01:31:09,04:43:19,Ironman 70.3 Haugesund,06/30/2019,"Haugesund, Norway"
6,Chris Schumann,259,M25-29,GER,00:26:29,02:31:41,01:40:09,04:43:47,Ironman 70.3 Haugesund,06/30/2019,"Haugesund, Norway"
14,Anders Liverød,314,M30-34,NOR,00:33:30,02:27:03,01:36:57,04:43:57,Ironman 70.3 Haugesund,06/30/2019,"Haugesund, Norway"
12,Stefan Andlauer,24,M35-39,GER,00:30:04,02:34:10,01:31:21,04:44:05,Ironman 70.3 Haugesund,06/30/2019,"Haugesund, Norway"
5,Arve Vaernes,7,M45-49,NOR,00:37:13,02:28:07,01:30:02,04:44:08,Ironman 70.3 Haugesund,06/30/2019,"Haugesund, Norway"
6,Vincent Grolleau,91,M40-44,FRA,00:30:23,02:33:13,01:33:52,04:44:57,Ironman 70.3 Haugesund,06/30/2019,"Haugesund, Norway"
15,Thomas Beving,19,M30-34,NED,00:32:09,02:31:41,01:34:09,04:45:04,Ironman 70.3 Haugesund,06/30/2019,"Haugesund, Norway"
7,Magnus Solbakk,261,M25-29,NOR,00:33:13,02:36:15,01:29:30,04:45:36,Ironman 70.3 Haugesund,06/30/2019,"Haugesund, Norway"
8,Yannick Wörtz,270,M25-29,GER,00:25:44,02:40:44,01:31:37,04:45:42,Ironman 70.3 Haugesund,06/30/2019,"Haugesund, Norway"
7,Robert Steen,683,M40-44,NOR,00:35:59,02:34:09,01:30:41,04:46:19,Ironman 70.3 Haugesund,06/30/2019,"Haugesund, Norway"
16,Matias Corona,286,M30-34,ARG,00:29:45,02:35:07,01:36:11,04:46:56,Ironman 70.3 Haugesund,06/30/2019,"Haugesund, Norway"
9,Mark Evans,242,M25-29,NZL,00:23:57,02:39:17,01:36:31,04:47:03,Ironman 70.3 Haugesund,06/30/2019,"Haugesund, Norway"
10,Carl August Blydt,236,M25-29,NOR,00:32:31,02:28:04,01:36:57,04:47:05,Ironman 70.3 Haugesund,06/30/2019,"Haugesund, Norway"
11,Anders Bjørnsen,645,M25-29,NOR,00:32:31,02:37:47,01:30:13,04:47:59,Ironman 70.3 Haugesund,06/30/2019,"Haugesund, Norway"
13,Benjamin Kucinski,368,M35-39,POL,00:29:19,02:45:34,01:24:24,04:48:27,Ironman 70.3 Haugesund,06/30/2019,"Haugesund, Norway"
17,Magnus Finnset,51,M30-34,NOR,00:30:29,02:30:51,01:41:42,04:48:34,Ironman 70.3 Haugesund,06/30/2019,"Haugesund, Norway"
14,Anton Vinogradov,637,M35-39,RUS,00:29:13,02:36:45,01:37:12,04:48:41,Ironman 70.3 Haugesund,06/30/2019,"Haugesund, Norway"
6,Svein Bjarte Brendeland,674,M45-49,NOR,00:31:58,02:30:37,01:39:14,04:48:54,Ironman 70.3 Haugesund,06/30/2019,"Haugesund, Norway"
7,Piotr Kazmierczak,35,M45-49,POL,00:31:57,02:34:16,01:37:01,04:48:59,Ironman 70.3 Haugesund,06/30/2019,"Haugesund, Norway"
15,Maksim Znak,62,M35-39,BLR,00:29:29,02:39:01,01:34:39,04:49:04,Ironman 70.3 Haugesund,06/30/2019,"Haugesund, Norway"
12,Martin Grimm Stroemme,265,M25-29,NOR,00:31:17,02:32:10,01:37:26,04:49:12,Ironman 70.3 Haugesund,06/30/2019,"Haugesund, Norway"
4,Stefan Glaser,8,M50-54,GER,00:31:34,02:35:33,01:37:24,04:49:24,Ironman 70.3 Haugesund,06/30/2019,"Haugesund, Norway"
18,Joackim Kristiansen,310,M30-34,NOR,00:33:03,02:33:02,01:37:01,04:49:28,Ironman 70.3 Haugesund,06/30/2019,"Haugesund, Norway"
16,Steffen Schönhut,82,M35-39,GER,00:31:27,02:42:30,01:29:22,04:50:09,Ironman 70.3 Haugesund,06/30/2019,"Haugesund, Norway"
1,Gunhild Berntsen,2,F40-44,NOR,00:28:01,02:42:09,01:34:57,04:50:21,Ironman 70.3 Haugesund,06/30/2019,"Haugesund, Norway"
8,Nicolas Davoine,397,M40-44,FRA,00:27:50,02:48:14,01:27:25,04:50:32,Ironman 70.3 Haugesund,06/30/2019,"Haugesund, Norway"
17,Ryan McLaughlin,6,M35-39,IRL,00:33:20,02:36:40,01:33:28,04:50:35,Ironman 70.3 Haugesund,06/30/2019,"Haugesund, Norway"
13,Florent Mozziconacci,17,M25-29,FRA,00:36:12,02:36:19,01:31:01,04:50:54,Ironman 70.3 Haugesund,06/30/2019,"Haugesund, Norway"
5,Tommy Johnsen,90,M50-54,NOR,00:31:23,02:38:14,01:35:03,04:51:01,Ironman 70.3 Haugesund,06/30/2019,"Haugesund, Norway"
18,Kim Christiansen,351,M35-39,NOR,00:27:54,02:37:22,01:37:23,04:51:05,Ironman 70.3 Haugesund,06/30/2019,"Haugesund, Norway"
14,Bjørn Alexander Hovland,244,M25-29,NOR,00:39:20,02:35:46,01:27:03,04:51:08,Ironman 70.3 Haugesund,06/30/2019,"Haugesund, Norway"
19,Andre Sandtorv,333,M30-34,NOR,00:31:32,02:34:20,01:37:56,04:51:21,Ironman 70.3 Haugesund,06/30/2019,"Haugesund, Norway"
8,Even Chiodera,667,M45-49,NOR,00:37:08,02:27:22,01:39:01,04:51:57,Ironman 70.3 Haugesund,06/30/2019,"Haugesund, Norway"
20,Mads Berge,277,M30-34,NOR,00:36:56,02:44:02,01:21:49,04:51:57,Ironman 70.3 Haugesund,06/30/2019,"Haugesund, Norway"
15,Andreas Kleiven,246,M25-29,NOR,00:37:25,02:31:45,01:33:50,04:52:01,Ironman 70.3 Haugesund,06/30/2019,"Haugesund, Norway"
16,Didrik Kalve Strand,263,M25-29,NOR,00:27:05,02:38:45,01:39:57,04:52:29,Ironman 70.3 Haugesund,06/30/2019,"Haugesund, Norway"
3,Daniel Ruet,15,M18-24,FRA,00:28:37,02:47:11,01:31:32,04:52:30,Ironman 70.3 Haugesund,06/30/2019,"Haugesund, Norway"
19,Hans-Kristian Larsen,369,M35-39,NOR,00:33:47,02:38:00,01:35:27,04:52:56,Ironman 70.3 Haugesund,06/30/2019,"Haugesund, Norway"
9,Jan Espen Lanton,680,M45-49,NOR,00:37:39,02:34:46,01:35:50,04:53:00,Ironman 70.3 Haugesund,06/30/2019,"Haugesund, Norway"
4,Jørgen Tveita,231,M18-24,NOR,00:35:20,02:33:59,01:36:03,04:53:19,Ironman 70.3 Haugesund,06/30/2019,"Haugesund, Norway"
21,Stephane Bracco,281,M30-34,FRA,00:29:45,02:44:57,01:33:07,04:53:24,Ironman 70.3 Haugesund,06/30/2019,"Haugesund, Norway"
22,James Smith,334,M30-34,NZL,00:32:22,02:40:52,01:33:53,04:53:47,Ironman 70.3 Haugesund,06/30/2019,"Haugesund, Norway"
9,Rafael Angel Carralero Garcia,30,M40-44,ESP,00:28:07,02:49:09,01:31:40,04:53:49,Ironman 70.3 Haugesund,06/30/2019,"Haugesund, Norway"
10,Stephan Linde,475,M45-49,GER,00:29:30,02:38:34,01:40:24,04:54:23,Ironman 70.3 Haugesund,06/30/2019,"Haugesund, Norway"
23,Evgeny Fedotov,86,M30-34,RUS,00:31:53,02:44:06,01:33:34,04:54:39,Ironman 70.3 Haugesund,06/30/2019,"Haugesund, Norway"
11,Gusten Johansson,69,M45-49,SWE,00:32:14,02:42:26,01:33:14,04:54:55,Ironman 70.3 Haugesund,06/30/2019,"Haugesund, Norway"
17,Luke Duggins,240,M25-29,GBR,00:27:26,02:42:02,01:37:17,04:55:03,Ironman 70.3 Haugesund,06/30/2019,"Haugesund, Norway"
20,Tobias Bohnhardt,348,M35-39,GER,00:33:46,02:38:58,01:36:39,04:55:10,Ironman 70.3 Haugesund,06/30/2019,"Haugesund, Norway"
18,Adam Kjellström,676,M25-29,SWE,00:29:06,02:37:17,01:41:06,04:55:10,Ironman 70.3 Haugesund,06/30/2019,"Haugesund, Norway"
19,Andreas Økland,658,M25-29,NOR,00:35:56,02:30:20,01:40:58,04:55:26,Ironman 70.3 Haugesund,06/30/2019,"Haugesund, Norway"
24,Christoffer Alm,272,M30-34,SWE,00:33:08,02:37:14,01:37:33,04:55:40,Ironman 70.3 Haugesund,06/30/2019,"Haugesund, Norway"
1,Emily McNaughtan,107,F25-29,NZL,00:28:22,02:43:28,01:36:51,04:56:24,Ironman 70.3 Haugesund,06/30/2019,"Haugesund, Norway"
1,Thierry Champoussin,603,M55-59,FRA,00:30:14,02:30:56,01:46:06,04:56:29,Ironman 70.3 Haugesund,06/30/2019,"Haugesund, Norway"
20,Anders Aasen,626,M25-29,NOR,00:33:08,02:36:43,01:39:31,04:56:35,Ironman 70.3 Haugesund,06/30/2019,"Haugesund, Norway"
21,Thomas Sandvik,257,M25-29,NOR,00:27:28,02:35:20,01:46:12,04:56:41,Ironman 70.3 Haugesund,06/30/2019,"Haugesund, Norway"
2,Joachim Amann,543,M55-59,GER,00:28:13,02:38:21,01:42:07,04:56:41,Ironman 70.3 Haugesund,06/30/2019,"Haugesund, Norway"
5,Erik Årstad Gilje,584,M18-24,NOR,00:34:08,02:36:39,01:37:14,04:56:43,Ironman 70.3 Haugesund,06/30/2019,"Haugesund, Norway"
10,Boris Goutkin,64,M40-44,ISR,00:32:40,02:42:33,01:34:52,04:56:56,Ironman 70.3 Haugesund,06/30/2019,"Haugesund, Norway"
12,Ole Jonny Øen,679,M45-49,NOR,00:29:32,02:41:58,01:34:45,04:57:24,Ironman 70.3 Haugesund,06/30/2019,"Haugesund, Norway"
22,Eirik Kaale,247,M25-29,NOR,00:32:49,02:42:25,01:34:39,04:57:25,Ironman 70.3 Haugesund,06/30/2019,"Haugesund, Norway"
25,Tomas Eidukevicius,649,M30-34,LTU,00:32:29,02:40:05,01:38:10,04:57:33,Ironman 70.3 Haugesund,06/30/2019,"Haugesund, Norway"
26,Sipke Moes,53,M30-34,NED,00:30:44,02:43:58,01:34:16,04:58:05,Ironman 70.3 Haugesund,06/30/2019,"Haugesund, Norway"
27,Stefan Skogbrott,55,M30-34,NOR,00:29:36,02:37:41,01:44:23,04:58:07,Ironman 70.3 Haugesund,06/30/2019,"Haugesund, Norway"
1,Shannon Proffit,1,F35-39,NZL,00:25:49,02:46:22,01:40:56,04:58:33,Ironman 70.3 Haugesund,06/30/2019,"Haugesund, Norway"
28,Ihor Subotenko,56,M30-34,UKR,00:34:48,02:39:22,01:35:47,04:58:35,Ironman 70.3 Haugesund,06/30/2019,"Haugesund, Norway"
21,Anders Mæhlum Karlsen,363,M35-39,NOR,00:27:17,02:40:32,01:44:14,04:59:02,Ironman 70.3 Haugesund,06/30/2019,"Haugesund, Norway"
11,René Kautz,417,M40-44,GER,00:32:00,02:43:32,01:35:19,04:59:04,Ironman 70.3 Haugesund,06/30/2019,"Haugesund, Norway"
12,Chris Miles,422,M40-44,GBR,00:33:24,02:44:33,01:32:18,04:59:12,Ironman 70.3 Haugesund,06/30/2019,"Haugesund, Norway"
29,Jens Pfisterer,328,M30-34,GER,00:27:59,02:44:07,01:38:38,04:59:56,Ironman 70.3 Haugesund,06/30/2019,"Haugesund, Norway"
13,Hans Frode Andersen,445,M45-49,NOR,00:32:14,02:44:50,01:35:08,05:00:47,Ironman 70.3 Haugesund,06/30/2019,"Haugesund, Norway"
14,Chris Martin,601,M45-49,GER,00:35:53,02:42:15,01:33:36,05:00:52,Ironman 70.3 Haugesund,06/30/2019,"Haugesund, Norway"
30,Patrick Baumeler,18,M30-34,SUI,00:29:02,02:42:45,01:42:29,05:00:57,Ironman 70.3 Haugesund,06/30/2019,"Haugesund, Norway"
22,Marius Meisterplass Aam,63,M35-39,NOR,00:31:32,02:39:26,01:43:28,05:01:58,Ironman 70.3 Haugesund,06/30/2019,"Haugesund, Norway"
23,Joël Bracco,349,M35-39,FRA,00:29:57,02:50:40,01:31:28,05:02:19,Ironman 70.3 Haugesund,06/30/2019,"Haugesund, Norway"
6,Leif Bjarne Larsen,523,M50-54,DEN,00:34:38,02:45:30,01:33:29,05:02:26,Ironman 70.3 Haugesund,06/30/2019,"Haugesund, Norway"
13,Michael Kummer,66,M40-44,GER,00:28:58,02:46:30,01:40:29,05:02:39,Ironman 70.3 Haugesund,06/30/2019,"Haugesund, Norway"
15,Ole Petter Matthiessen,477,M45-49,NOR,00:34:19,02:36:33,01:44:11,05:02:53,Ironman 70.3 Haugesund,06/30/2019,"Haugesund, Norway"
1,Thea Hovda,572,F18-24,NOR,00:27:52,02:49:35,01:40:25,05:03:10,Ironman 70.3 Haugesund,06/30/2019,"Haugesund, Norway"
16,Kjetil Pedersen,482,M45-49,NOR,00:33:46,02:35:05,01:47:01,05:03:35,Ironman 70.3 Haugesund,06/30/2019,"Haugesund, Norway"
7,Paul Sparks,534,M50-54,GBR,00:31:00,02:47:41,01:39:16,05:03:38,Ironman 70.3 Haugesund,06/30/2019,"Haugesund, Norway"
31,Olav Amdahl,273,M30-34,NOR,00:35:34,02:44:38,01:37:41,05:03:45,Ironman 70.3 Haugesund,06/30/2019,"Haugesund, Norway"
14,Ole Jakob Hansen,405,M40-44,NOR,00:33:50,02:42:46,01:38:29,05:03:47,Ironman 70.3 Haugesund,06/30/2019,"Haugesund, Norway"
8,Geir Grannes,511,M50-54,NOR,00:33:17,02:43:20,01:40:09,05:04:06,Ironman 70.3 Haugesund,06/30/2019,"Haugesund, Norway"
17,Murray Bruce,451,M45-49,AUS,00:27:39,02:39:06,01:47:17,05:04:20,Ironman 70.3 Haugesund,06/30/2019,"Haugesund, Norway"
15,Fred Kristiansen,419,M40-44,NOR,00:34:55,02:41:28,01:35:49,05:04:33,Ironman 70.3 Haugesund,06/30/2019,"Haugesund, Norway"
32,Patrick Sibetz,3,M30-34,AUT,00:29:58,02:42:02,01:44:08,05:05:37,Ironman 70.3 Haugesund,06/30/2019,"Haugesund, Norway"
18,Stian Johnsen,464,M45-49,NOR,00:35:07,02:40:54,01:40:25,05:05:39,Ironman 70.3 Haugesund,06/30/2019,"Haugesund, Norway"
3,Oystein Brun,76,M55-59,NOR,00:33:57,02:45:11,01:35:40,05:05:45,Ironman 70.3 Haugesund,06/30/2019,"Haugesund, Norway"
19,Olivier Henz,33,M45-49,BEL,00:32:44,02:28:42,01:58:18,05:05:48,Ironman 70.3 Haugesund,06/30/2019,"Haugesund, Norway"
20,Jarle Aagaard,499,M45-49,NOR,00:32:13,02:50:49,01:33:56,05:06:03,Ironman 70.3 Haugesund,06/30/2019,"Haugesund, Norway"
2,Deborah Hope,162,F40-44,GBR,00:31:04,02:48:40,01:41:03,05:06:09,Ironman 70.3 Haugesund,06/30/2019,"Haugesund, Norway"
3,Johanna Håland,11,F40-44,NOR,00:30:17,02:54:31,01:35:50,05:06:17,Ironman 70.3 Haugesund,06/30/2019,"Haugesund, Norway"
24,Cody Dolly,58,M35-39,USA,00:31:15,02:39:35,01:47:42,05:06:28,Ironman 70.3 Haugesund,06/30/2019,"Haugesund, Norway"
-,Team Ptp ,805,URELAY,NOR,00:38:43,02:31:10,01:52:01,05:06:51,Ironman 70.3 Haugesund,06/30/2019,"Haugesund, Norway"
1,Anja Wittwer,133,F30-34,GER,00:31:07,02:52:24,01:36:25,05:06:54,Ironman 70.3 Haugesund,06/30/2019,"Haugesund, Norway"
23,Daniel Ronæs,670,M25-29,NOR,00:31:54,02:34:36,01:54:34,05:07:22,Ironman 70.3 Haugesund,06/30/2019,"Haugesund, Norway"
24,Stefan Elston,241,M25-29,NOR,00:35:39,02:46:15,01:36:14,05:07:27,Ironman 70.3 Haugesund,06/30/2019,"Haugesund, Norway"
25,Hallvar Hallingstad,357,M35-39,NOR,00:37:17,02:44:43,01:39:36,05:07:37,Ironman 70.3 Haugesund,06/30/2019,"Haugesund, Norway"
16,Michael Krogh Sørensen,686,M40-44,DEN,00:36:59,02:44:42,01:34:10,05:07:51,Ironman 70.3 Haugesund,06/30/2019,"Haugesund, Norway"
33,Matthew King,672,M30-34,AUS,00:28:54,02:53:04,01:37:06,05:08:03,Ironman 70.3 Haugesund,06/30/2019,"Haugesund, Norway"
17,Stein Storeng,439,M40-44,NOR,00:34:18,02:45:10,01:41:54,05:08:24,Ironman 70.3 Haugesund,06/30/2019,"Haugesund, Norway"
34,Eivind Jahren,306,M30-34,NOR,00:31:38,02:44:03,01:43:27,05:08:34,Ironman 70.3 Haugesund,06/30/2019,"Haugesund, Norway"
6,Matias Berge,210,M18-24,NOR,00:34:58,02:53:21,01:34:11,05:08:44,Ironman 70.3 Haugesund,06/30/2019,"Haugesund, Norway"
-,Tre Gretne Gamle Gubber (3g) ,808,URELAY,NOR,00:32:31,02:46:25,01:45:27,05:08:46,Ironman 70.3 Haugesund,06/30/2019,"Haugesund, Norway"
21,Craig Anvik Leach,448,M45-49,GBR,00:27:02,02:49:43,01:40:44,05:08:47,Ironman 70.3 Haugesund,06/30/2019,"Haugesund, Norway"
2,Kristalina Smars,110,F25-29,SWE,00:35:15,02:46:46,01:40:49,05:09:11,Ironman 70.3 Haugesund,06/30/2019,"Haugesund, Norway"
9,Peter Tanner,75,M50-54,SUI,00:33:47,02:42:54,01:43:38,05:09:12,Ironman 70.3 Haugesund,06/30/2019,"Haugesund, Norway"
10,Bjarte Reed,530,M50-54,NOR,00:36:17,02:44:52,01:38:34,05:09:26,Ironman 70.3 Haugesund,06/30/2019,"Haugesund, Norway"
18,Flavien Jourdain,413,M40-44,FRA,00:30:13,02:58:33,01:33:53,05:09:46,Ironman 70.3 Haugesund,06/30/2019,"Haugesund, Norway"
25,Henrik Thoresen,267,M25-29,NOR,00:36:32,02:54:31,01:29:34,05:09:49,Ironman 70.3 Haugesund,06/30/2019,"Haugesund, Norway"
26,Kjetil Steinstø,262,M25-29,NOR,00:36:51,02:52:26,01:34:27,05:09:52,Ironman 70.3 Haugesund,06/30/2019,"Haugesund, Norway"
35,Håvard Sjursæther,682,M30-34,NOR,00:33:51,02:42:15,01:45:13,05:10:22,Ironman 70.3 Haugesund,06/30/2019,"Haugesund, Norway"
36,Leo Hanke,298,M30-34,GER,00:36:57,02:47:06,01:35:08,05:10:39,Ironman 70.3 Haugesund,06/30/2019,"Haugesund, Norway"
11,Nicolas Lockhart,524,M50-54,SUI,00:30:16,02:51:49,01:39:15,05:11:11,Ironman 70.3 Haugesund,06/30/2019,"Haugesund, Norway"
19,Arnold Svelland Gramshaug,403,M40-44,NOR,00:27:18,02:51:50,01:42:47,05:11:28,Ironman 70.3 Haugesund,06/30/2019,"Haugesund, Norway"
7,Tormod Halsnes,581,M18-24,NOR,00:36:45,02:45:27,01:40:35,05:11:42,Ironman 70.3 Haugesund,06/30/2019,"Haugesund, Norway"
2,Karoline Rønning,89,F30-34,NOR,00:28:25,02:52:37,01:45:07,05:12:10,Ironman 70.3 Haugesund,06/30/2019,"Haugesund, Norway"
22,Remi Ove Torsteinsen,495,M45-49,NOR,00:31:49,02:39:07,01:53:45,05:12:14,Ironman 70.3 Haugesund,06/30/2019,"Haugesund, Norway"
20,Vidar Hansen,87,M40-44,NOR,00:30:34,02:46:34,01:45:33,05:12:16,Ironman 70.3 Haugesund,06/30/2019,"Haugesund, Norway"
23,Igor Kuzmin,470,M45-49,RUS,00:35:21,02:47:00,01:43:00,05:12:16,Ironman 70.3 Haugesund,06/30/2019,"Haugesund, Norway"
24,Terje Systad,70,M45-49,NOR,00:34:25,02:42:58,01:44:34,05:12:18,Ironman 70.3 Haugesund,06/30/2019,"Haugesund, Norway"
26,Yury Sharanov,382,M35-39,RUS,00:36:25,02:50:21,01:38:29,05:12:49,Ironman 70.3 Haugesund,06/30/2019,"Haugesund, Norway"
21,Joppe Burgers,395,M40-44,NED,00:32:44,02:42:43,01:50:00,05:12:52,Ironman 70.3 Haugesund,06/30/2019,"Haugesund, Norway"
22,Trond Koteng,594,M40-44,NOR,00:35:18,02:45:48,01:42:42,05:14:03,Ironman 70.3 Haugesund,06/30/2019,"Haugesund, Norway"
37,Bart Huisman,303,M30-34,NED,00:33:19,02:48:19,01:42:59,05:14:12,Ironman 70.3 Haugesund,06/30/2019,"Haugesund, Norway"
12,Morten Kristensen,521,M50-54,DEN,00:35:10,02:55:44,01:34:03,05:14:43,Ironman 70.3 Haugesund,06/30/2019,"Haugesund, Norway"
38,Bartosz Zablocki,342,M30-34,NOR,00:35:07,02:46:46,01:43:10,05:14:53,Ironman 70.3 Haugesund,06/30/2019,"Haugesund, Norway"
23,Sverre Midlang,421,M40-44,NOR,00:31:36,02:47:38,01:49:52,05:14:58,Ironman 70.3 Haugesund,06/30/2019,"Haugesund, Norway"
39,Tore Anvik,586,M30-34,NOR,00:31:42,02:52:15,01:42:06,05:15:32,Ironman 70.3 Haugesund,06/30/2019,"Haugesund, Norway"
13,Ove Wolff,639,M50-54,NOR,00:34:31,02:48:47,01:40:06,05:15:37,Ironman 70.3 Haugesund,06/30/2019,"Haugesund, Norway"
8,Anders Granås,214,M18-24,NOR,00:36:43,02:43:06,01:48:36,05:15:39,Ironman 70.3 Haugesund,06/30/2019,"Haugesund, Norway"
27,Nikola Perkovic,375,M35-39,CRO,00:29:40,02:49:38,01:47:28,05:15:40,Ironman 70.3 Haugesund,06/30/2019,"Haugesund, Norway"
27,Pål Oscar Christensen,239,M25-29,NOR,00:33:25,02:51:08,01:42:49,05:16:10,Ironman 70.3 Haugesund,06/30/2019,"Haugesund, Norway"
4,Sybille Schorm,12,F40-44,AUT,00:34:21,02:54:00,01:40:59,05:16:37,Ironman 70.3 Haugesund,06/30/2019,"Haugesund, Norway"
24,Jonas Reinhammar,432,M40-44,SWE,00:40:50,02:50:34,01:33:58,05:16:39,Ironman 70.3 Haugesund,06/30/2019,"Haugesund, Norway"
28,Håvard Blom,346,M35-39,NOR,00:35:18,02:55:40,01:36:17,05:16:50,Ironman 70.3 Haugesund,06/30/2019,"Haugesund, Norway"
14,Frode Johansen,517,M50-54,NOR,00:38:27,02:54:18,01:32:11,05:16:53,Ironman 70.3 Haugesund,06/30/2019,"Haugesund, Norway"
25,Geir Ankarstrand,447,M45-49,NOR,00:34:38,02:44:54,01:50:22,05:17:13,Ironman 70.3 Haugesund,06/30/2019,"Haugesund, Norway"
5,Jelena Heringa,161,F40-44,LAT,00:30:00,02:57:33,01:40:47,05:17:34,Ironman 70.3 Haugesund,06/30/2019,"Haugesund, Norway"
15,Gunnar Hauso,514,M50-54,NOR,00:35:54,02:34:05,01:59:15,05:18:37,Ironman 70.3 Haugesund,06/30/2019,"Haugesund, Norway"
28,Martin Flesland,243,M25-29,NOR,00:31:05,02:55:19,01:42:41,05:19:35,Ironman 70.3 Haugesund,06/30/2019,"Haugesund, Norway"
1,Roy Ratcliff,562,M60-64,GBR,00:36:36,02:52:19,01:41:27,05:19:41,Ironman 70.3 Haugesund,06/30/2019,"Haugesund, Norway"
25,Nikolai Kalvenes,415,M40-44,NOR,00:33:37,02:52:06,01:44:57,05:19:48,Ironman 70.3 Haugesund,06/30/2019,"Haugesund, Norway"
4,Frank Schubert,554,M55-59,GER,00:33:15,02:54:20,01:43:19,05:20:01,Ironman 70.3 Haugesund,06/30/2019,"Haugesund, Norway"
16,Petri Ahti,71,M50-54,FIN,00:34:46,02:42:21,01:50:08,05:20:04,Ironman 70.3 Haugesund,06/30/2019,"Haugesund, Norway"
-,Team Sporty ,812,URELAY,NOR,00:46:19,02:23:37,02:05:43,05:20:10,Ironman 70.3 Haugesund,06/30/2019,"Haugesund, Norway"
26,Knut Magne Hauge,407,M40-44,NOR,00:55:45,02:49:18,01:23:07,05:20:12,Ironman 70.3 Haugesund,06/30/2019,"Haugesund, Norway"
40,Øyvind Helgeland,630,M30-34,NOR,00:37:29,02:49:55,01:44:50,05:20:30,Ironman 70.3 Haugesund,06/30/2019,"Haugesund, Norway"
29,Mathias Reed,671,M25-29,NOR,00:37:25,02:44:43,01:49:53,05:20:43,Ironman 70.3 Haugesund,06/30/2019,"Haugesund, Norway"
17,Oddvar Haugen,513,M50-54,NOR,00:33:12,02:48:07,01:49:36,05:20:50,Ironman 70.3 Haugesund,06/30/2019,"Haugesund, Norway"
2,Dariusz Drapella,81,M60-64,POL,00:32:54,02:52:41,01:47:57,05:20:56,Ironman 70.3 Haugesund,06/30/2019,"Haugesund, Norway"
27,Gaute Birkeli,394,M40-44,NOR,00:39:57,02:41:16,01:49:40,05:21:12,Ironman 70.3 Haugesund,06/30/2019,"Haugesund, Norway"
5,Bjørn Helge Kolbeinsen,37,M55-59,NOR,00:32:35,02:47:53,01:53:00,05:21:44,Ironman 70.3 Haugesund,06/30/2019,"Haugesund, Norway"
9,Mikkel Lehmann,221,M18-24,DEN,00:34:17,02:46:38,01:53:01,05:21:50,Ironman 70.3 Haugesund,06/30/2019,"Haugesund, Norway"
41,Daniel Swart,690,M30-34,NOR,00:32:37,02:57:34,01:42:21,05:21:55,Ironman 70.3 Haugesund,06/30/2019,"Haugesund, Norway"
2,Kristine Meidell Dahle,617,F18-24,NOR,00:37:38,02:52:08,01:43:38,05:22:19,Ironman 70.3 Haugesund,06/30/2019,"Haugesund, Norway"
42,Stefan Clermonts,285,M30-34,NED,00:31:17,02:44:11,01:57:13,05:22:39,Ironman 70.3 Haugesund,06/30/2019,"Haugesund, Norway"
10,Jørgen Stølan-Thoresen,228,M18-24,NOR,00:39:00,02:57:02,01:36:26,05:22:39,Ironman 70.3 Haugesund,06/30/2019,"Haugesund, Norway"
29,Charl Maree,371,M35-39,RSA,00:30:20,02:52:51,01:49:02,05:22:55,Ironman 70.3 Haugesund,06/30/2019,"Haugesund, Norway"
28,Dagfin Askvik,590,M40-44,NOR,00:35:37,02:50:24,01:48:07,05:23:04,Ironman 70.3 Haugesund,06/30/2019,"Haugesund, Norway"
3,Anaïs George-Molland,607,F25-29,FRA,00:37:26,02:57:38,01:41:25,05:23:04,Ironman 70.3 Haugesund,06/30/2019,"Haugesund, Norway"
30,Mark Parrett,374,M35-39,GBR,00:36:52,02:52:02,01:43:08,05:23:07,Ironman 70.3 Haugesund,06/30/2019,"Haugesund, Norway"
26,Terje Nes,646,M45-49,NOR,00:38:24,02:57:02,01:39:30,05:23:09,Ironman 70.3 Haugesund,06/30/2019,"Haugesund, Norway"
6,Ade Grimmond,79,M55-59,GBR,00:27:59,02:48:23,01:58:46,05:23:21,Ironman 70.3 Haugesund,06/30/2019,"Haugesund, Norway"
7,David Carnes,545,M55-59,USA,00:31:30,02:56:27,01:47:02,05:23:40,Ironman 70.3 Haugesund,06/30/2019,"Haugesund, Norway"
27,Andrew Fiamingo,456,M45-49,NOR,00:35:31,02:54:45,01:44:15,05:23:44,Ironman 70.3 Haugesund,06/30/2019,"Haugesund, Norway"
31,Jedrzej Grzesik,356,M35-39,POL,00:40:14,02:45:11,01:50:42,05:23:52,Ironman 70.3 Haugesund,06/30/2019,"Haugesund, Norway"
32,Ilya Kretov,366,M35-39,RUS,00:35:26,02:47:11,01:52:30,05:24:09,Ironman 70.3 Haugesund,06/30/2019,"Haugesund, Norway"
29,Ronny Johnsen,412,M40-44,NOR,00:35:48,02:39:53,02:01:08,05:24:27,Ironman 70.3 Haugesund,06/30/2019,"Haugesund, Norway"
43,Anders Rakke,330,M30-34,NOR,00:39:07,02:59:44,01:35:38,05:24:32,Ironman 70.3 Haugesund,06/30/2019,"Haugesund, Norway"
30,Henning Johnsen,409,M40-44,NOR,00:30:44,02:43:50,02:00:17,05:25:03,Ironman 70.3 Haugesund,06/30/2019,"Haugesund, Norway"
8,Alf Halvorsen,633,M55-59,NOR,00:37:35,02:48:46,01:49:21,05:25:27,Ironman 70.3 Haugesund,06/30/2019,"Haugesund, Norway"
3,Tegan Roberts,129,F30-34,GBR,00:39:35,02:53:26,01:44:49,05:25:39,Ironman 70.3 Haugesund,06/30/2019,"Haugesund, Norway"
1,Elise Orten,13,F55-59,NOR,00:39:23,02:55:36,01:40:36,05:25:41,Ironman 70.3 Haugesund,06/30/2019,"Haugesund, Norway"
6,Ann Åse Stava,576,F40-44,NOR,00:39:37,02:42:10,01:54:08,05:25:49,Ironman 70.3 Haugesund,06/30/2019,"Haugesund, Norway"
31,Magnus Rosén,434,M40-44,NOR,00:47:37,02:51:24,01:38:31,05:26:20,Ironman 70.3 Haugesund,06/30/2019,"Haugesund, Norway"
1,Astrid Grønningen,612,F45-49,NOR,00:36:14,02:55:28,01:47:24,05:26:34,Ironman 70.3 Haugesund,06/30/2019,"Haugesund, Norway"
33,Marek Janta,60,M35-39,POL,00:37:09,02:58:52,01:43:49,05:26:57,Ironman 70.3 Haugesund,06/30/2019,"Haugesund, Norway"
30,Nicholas Mowatt Larssen,248,M25-29,NOR,00:37:22,02:52:30,01:44:36,05:27:14,Ironman 70.3 Haugesund,06/30/2019,"Haugesund, Norway"
2,Joke Vandebuerie,152,F35-39,BEL,00:35:02,02:54:28,01:46:24,05:27:30,Ironman 70.3 Haugesund,06/30/2019,"Haugesund, Norway"
32,Erik G. Jensen,593,M40-44,NOR,00:39:22,02:41:15,01:57:22,05:27:37,Ironman 70.3 Haugesund,06/30/2019,"Haugesund, Norway"
18,Roger Normann Wiik,538,M50-54,NOR,00:35:01,02:44:16,01:56:41,05:27:50,Ironman 70.3 Haugesund,06/30/2019,"Haugesund, Norway"
33,Krister Sjøstrøm,437,M40-44,NOR,00:38:36,02:53:41,01:44:10,05:27:55,Ironman 70.3 Haugesund,06/30/2019,"Haugesund, Norway"
44,Lars Dybvik,663,M30-34,NOR,00:34:54,02:45:43,01:58:08,05:28:02,Ironman 70.3 Haugesund,06/30/2019,"Haugesund, Norway"
34,Kenneth Johansen,361,M35-39,NOR,00:33:45,02:50:16,01:51:15,05:28:17,Ironman 70.3 Haugesund,06/30/2019,"Haugesund, Norway"
31,Anders Austad,234,M25-29,NOR,00:44:28,02:53:40,01:39:36,05:28:18,Ironman 70.3 Haugesund,06/30/2019,"Haugesund, Norway"
45,Rune Stenby Hauge,335,M30-34,NOR,00:33:17,03:00:57,01:46:34,05:28:22,Ironman 70.3 Haugesund,06/30/2019,"Haugesund, Norway"
4,Eva Kodouskova,124,F30-34,CZE,00:30:49,02:54:00,01:57:09,05:28:22,Ironman 70.3 Haugesund,06/30/2019,"Haugesund, Norway"
46,Jørn Espen Nilsen,322,M30-34,NOR,00:44:25,03:00:31,01:32:55,05:28:49,Ironman 70.3 Haugesund,06/30/2019,"Haugesund, Norway"
47,Thor Kristian Larsen,313,M30-34,NOR,00:28:06,02:58:35,01:51:51,05:28:57,Ironman 70.3 Haugesund,06/30/2019,"Haugesund, Norway"
34,Vuaillat Franck,402,M40-44,FRA,00:35:09,02:55:56,01:46:51,05:28:59,Ironman 70.3 Haugesund,06/30/2019,"Haugesund, Norway"
35,Radek Uliasz,596,M40-44,POL,00:32:01,02:59:16,01:46:29,05:29:08,Ironman 70.3 Haugesund,06/30/2019,"Haugesund, Norway"
36,Even Rønningen,435,M40-44,NOR,00:34:39,02:55:32,01:50:15,05:29:21,Ironman 70.3 Haugesund,06/30/2019,"Haugesund, Norway"
28,Kim Jelmoni,34,M45-49,SUI,00:27:31,02:56:13,01:57:29,05:29:21,Ironman 70.3 Haugesund,06/30/2019,"Haugesund, Norway"
11,Sindre Knutsen,218,M18-24,NOR,00:35:43,03:04:03,01:43:18,05:29:36,Ironman 70.3 Haugesund,06/30/2019,"Haugesund, Norway"
29,Sam Cardona,88,M45-49,PUR,00:39:25,02:50:45,01:49:00,05:29:47,Ironman 70.3 Haugesund,06/30/2019,"Haugesund, Norway"
2,Elin Rame,620,F45-49,NOR,00:35:47,02:47:17,01:57:36,05:29:59,Ironman 70.3 Haugesund,06/30/2019,"Haugesund, Norway"
37,Adam Pro?,430,M40-44,POL,00:38:59,03:01:34,01:42:26,05:30:06,Ironman 70.3 Haugesund,06/30/2019,"Haugesund, Norway"
1,Allemannkalle ,813,MRELAY,NOR,00:37:10,03:10:28,01:37:39,05:30:19,Ironman 70.3 Haugesund,06/30/2019,"Haugesund, Norway"
9,Richard James Wiseman,644,M55-59,GBR,00:31:20,03:06:03,01:42:29,05:30:29,Ironman 70.3 Haugesund,06/30/2019,"Haugesund, Norway"
4,Malene Hjorteland,102,F25-29,NOR,00:35:52,03:04:30,01:43:11,05:30:45,Ironman 70.3 Haugesund,06/30/2019,"Haugesund, Norway"
12,Sindre Løining Skaar,226,M18-24,NOR,00:36:57,03:01:13,01:42:22,05:30:53,Ironman 70.3 Haugesund,06/30/2019,"Haugesund, Norway"
32,Henrik Straume,264,M25-29,NOR,00:34:06,02:57:07,01:51:36,05:30:58,Ironman 70.3 Haugesund,06/30/2019,"Haugesund, Norway"
48,Joeri Nanov,321,M30-34,NED,00:32:06,02:38:17,02:13:28,05:30:59,Ironman 70.3 Haugesund,06/30/2019,"Haugesund, Norway"
5,Beate Paulsrud,39,F25-29,NOR,00:34:09,03:06:11,01:43:29,05:31:10,Ironman 70.3 Haugesund,06/30/2019,"Haugesund, Norway"
3,Rianne Snel,145,F35-39,NED,00:31:09,02:56:25,01:55:15,05:31:15,Ironman 70.3 Haugesund,06/30/2019,"Haugesund, Norway"
30,Hugo Nygård Pettersen,483,M45-49,NOR,00:35:32,02:57:40,01:48:14,05:31:31,Ironman 70.3 Haugesund,06/30/2019,"Haugesund, Norway"
35,Håkan Brovell,350,M35-39,SWE,00:34:23,02:51:32,01:53:48,05:31:52,Ironman 70.3 Haugesund,06/30/2019,"Haugesund, Norway"
1,Ingun Vaglid,206,F50-54,NOR,00:29:41,03:05:17,01:49:58,05:31:57,Ironman 70.3 Haugesund,06/30/2019,"Haugesund, Norway"
5,Louise Strandberg,130,F30-34,SWE,00:33:32,03:00:49,01:50:08,05:32:02,Ironman 70.3 Haugesund,06/30/2019,"Haugesund, Norway"
-,Team Størkson-Vaage ,807,URELAY,NOR,00:44:02,02:56:23,01:46:13,05:32:12,Ironman 70.3 Haugesund,06/30/2019,"Haugesund, Norway"
49,Christian P. Norling,324,M30-34,NOR,00:36:42,02:53:11,01:53:16,05:32:20,Ironman 70.3 Haugesund,06/30/2019,"Haugesund, Norway"
13,Erlend Tveit,230,M18-24,NOR,00:37:39,02:49:49,01:52:29,05:32:24,Ironman 70.3 Haugesund,06/30/2019,"Haugesund, Norway"
38,Lars Velund,641,M40-44,NOR,00:34:53,02:58:05,01:49:26,05:33:02,Ironman 70.3 Haugesund,06/30/2019,"Haugesund, Norway"
6,Hilde Johannessen,42,F30-34,NOR,00:31:53,03:07:35,01:46:31,05:33:08,Ironman 70.3 Haugesund,06/30/2019,"Haugesund, Norway"
36,Aleksejs Belokopitovs,57,M35-39,LAT,00:40:29,02:51:39,01:54:00,05:33:38,Ironman 70.3 Haugesund,06/30/2019,"Haugesund, Norway"
39,Frode Koldal,659,M40-44,NOR,00:34:22,03:00:04,01:47:30,05:33:44,Ironman 70.3 Haugesund,06/30/2019,"Haugesund, Norway"
50,Glenn Hornset,302,M30-34,NOR,00:41:42,03:05:11,01:33:43,05:33:51,Ironman 70.3 Haugesund,06/30/2019,"Haugesund, Norway"
40,Kenneth Rekvik,433,M40-44,NOR,00:37:34,02:54:22,01:53:36,05:34:06,Ironman 70.3 Haugesund,06/30/2019,"Haugesund, Norway"
31,Oleg Koposov,599,M45-49,RUS,00:35:08,03:03:11,01:43:54,05:34:27,Ironman 70.3 Haugesund,06/30/2019,"Haugesund, Norway"
37,Grzegorz Wojcik,389,M35-39,POL,00:36:19,02:58:37,01:49:41,05:34:41,Ironman 70.3 Haugesund,06/30/2019,"Haugesund, Norway"
41,Michael Scott,436,M40-44,GBR,00:38:42,02:56:13,01:50:53,05:34:56,Ironman 70.3 Haugesund,06/30/2019,"Haugesund, Norway"
38,Lars Albert,344,M35-39,NOR,00:33:52,03:00:59,01:45:39,05:35:10,Ironman 70.3 Haugesund,06/30/2019,"Haugesund, Norway"
33,Lars Strømnes Engen,657,M25-29,NOR,00:37:26,03:11:19,01:37:15,05:35:17,Ironman 70.3 Haugesund,06/30/2019,"Haugesund, Norway"
19,Robert Johansson,518,M50-54,SWE,00:34:17,02:54:51,01:59:01,05:35:37,Ironman 70.3 Haugesund,06/30/2019,"Haugesund, Norway"
7,Sophia Hengsbach,123,F30-34,GER,00:35:56,03:12:28,01:40:20,05:36:33,Ironman 70.3 Haugesund,06/30/2019,"Haugesund, Norway"
34,Jørgen Løkholm,251,M25-29,NOR,00:38:07,03:00:03,01:50:57,05:37:02,Ironman 70.3 Haugesund,06/30/2019,"Haugesund, Norway"
51,Rafael Herrera,300,M30-34,BRA,00:33:59,03:01:17,01:45:39,05:37:08,Ironman 70.3 Haugesund,06/30/2019,"Haugesund, Norway"
39,Knut Henrik Bløtekjær,347,M35-39,NOR,00:34:38,02:55:39,01:56:22,05:37:19,Ironman 70.3 Haugesund,06/30/2019,"Haugesund, Norway"
20,Michael Tsaoutos,623,M50-54,GRE,00:36:07,03:01:05,01:54:07,05:37:21,Ironman 70.3 Haugesund,06/30/2019,"Haugesund, Norway"
42,Pedro Caparrós Palomo,396,M40-44,ESP,00:35:01,03:07:05,01:43:28,05:37:51,Ironman 70.3 Haugesund,06/30/2019,"Haugesund, Norway"
32,Lars Kindem,467,M45-49,NOR,00:34:28,02:58:15,01:51:04,05:37:54,Ironman 70.3 Haugesund,06/30/2019,"Haugesund, Norway"
2,Carina Parment,202,F50-54,SWE,00:33:32,02:58:57,01:59:00,05:37:57,Ironman 70.3 Haugesund,06/30/2019,"Haugesund, Norway"
43,Sindre Johnsen,410,M40-44,NOR,00:39:24,02:47:38,02:01:13,05:37:59,Ironman 70.3 Haugesund,06/30/2019,"Haugesund, Norway"
21,Espen Ydstebo,540,M50-54,NOR,00:36:00,02:58:58,01:51:59,05:38:06,Ironman 70.3 Haugesund,06/30/2019,"Haugesund, Norway"
3,Nina Møller,188,F45-49,NOR,00:36:24,03:01:29,01:49:11,05:38:07,Ironman 70.3 Haugesund,06/30/2019,"Haugesund, Norway"
14,Mads Bjørgan,212,M18-24,NOR,00:34:29,02:58:08,01:57:42,05:38:14,Ironman 70.3 Haugesund,06/30/2019,"Haugesund, Norway"
22,Knut Johannes Hallingstad,72,M50-54,NOR,00:36:33,02:57:02,01:53:57,05:38:18,Ironman 70.3 Haugesund,06/30/2019,"Haugesund, Norway"
44,Ivan Oshurkov,426,M40-44,RUS,00:37:22,02:59:51,01:50:23,05:38:47,Ironman 70.3 Haugesund,06/30/2019,"Haugesund, Norway"
45,Paul Zelenski,444,M40-44,USA,00:32:18,03:05:18,01:48:11,05:39:13,Ironman 70.3 Haugesund,06/30/2019,"Haugesund, Norway"
35,Simon Moe,254,M25-29,NOR,00:32:47,02:56:38,02:02:56,05:39:40,Ironman 70.3 Haugesund,06/30/2019,"Haugesund, Norway"
7,Andri De Wit,155,F40-44,GBR,00:30:29,03:14:25,01:49:26,05:39:58,Ironman 70.3 Haugesund,06/30/2019,"Haugesund, Norway"
10,Steven Bonawitz,544,M55-59,USA,00:32:09,02:59:40,01:57:41,05:40:26,Ironman 70.3 Haugesund,06/30/2019,"Haugesund, Norway"
52,Truls Hulby,304,M30-34,NOR,00:33:18,02:57:02,02:01:46,05:40:28,Ironman 70.3 Haugesund,06/30/2019,"Haugesund, Norway"
33,Alf Erik Malm,476,M45-49,NOR,00:37:28,02:59:29,01:54:57,05:40:58,Ironman 70.3 Haugesund,06/30/2019,"Haugesund, Norway"
6,Hanne Sande,109,F25-29,NOR,00:31:44,03:10:54,01:51:33,05:41:03,Ironman 70.3 Haugesund,06/30/2019,"Haugesund, Norway"
34,Svein-Harald Hundhammar,628,M45-49,NOR,00:38:34,02:58:41,01:51:45,05:41:13,Ironman 70.3 Haugesund,06/30/2019,"Haugesund, Norway"
11,Svein Saelid,552,M55-59,NOR,00:36:31,03:11:11,01:39:13,05:41:18,Ironman 70.3 Haugesund,06/30/2019,"Haugesund, Norway"
8,Eileen Ke,43,F30-34,USA,00:30:56,03:05:59,01:56:56,05:41:19,Ironman 70.3 Haugesund,06/30/2019,"Haugesund, Norway"
40,Adam Churchill,352,M35-39,GBR,00:31:21,03:24:29,01:36:14,05:41:47,Ironman 70.3 Haugesund,06/30/2019,"Haugesund, Norway"
3,Britt Helgesen,196,F50-54,NOR,00:35:56,03:04:06,01:50:05,05:42:13,Ironman 70.3 Haugesund,06/30/2019,"Haugesund, Norway"
36,Tomas Lønsethagen,252,M25-29,NOR,00:35:26,03:03:04,01:50:42,05:42:38,Ironman 70.3 Haugesund,06/30/2019,"Haugesund, Norway"
41,Frode Kristensen,367,M35-39,NOR,00:35:04,03:02:22,01:56:44,05:42:58,Ironman 70.3 Haugesund,06/30/2019,"Haugesund, Norway"
15,Lasse Simonsen,224,M18-24,GER,00:44:07,03:06:11,01:43:52,05:43:02,Ironman 70.3 Haugesund,06/30/2019,"Haugesund, Norway"
46,Bjørn Egil Kalseth,414,M40-44,NOR,00:37:02,02:51:38,02:01:11,05:43:13,Ironman 70.3 Haugesund,06/30/2019,"Haugesund, Norway"
35,Frode Halvorsen,460,M45-49,NOR,00:38:06,02:58:34,01:56:23,05:43:14,Ironman 70.3 Haugesund,06/30/2019,"Haugesund, Norway"
47,Arno Audenaert,392,M40-44,BEL,00:35:27,03:02:02,01:57:15,05:43:36,Ironman 70.3 Haugesund,06/30/2019,"Haugesund, Norway"
23,Eigil Odland,528,M50-54,NOR,00:36:54,02:44:54,02:05:33,05:43:57,Ironman 70.3 Haugesund,06/30/2019,"Haugesund, Norway"
42,Kevin Jiang,360,M35-39,USA,00:36:47,03:03:22,01:53:46,05:44:00,Ironman 70.3 Haugesund,06/30/2019,"Haugesund, Norway"
36,Lars Gjerstad,457,M45-49,NOR,00:34:09,03:01:31,01:56:37,05:44:06,Ironman 70.3 Haugesund,06/30/2019,"Haugesund, Norway"
-,Team Skoringen ,806,URELAY,NOR,00:33:11,03:13:56,01:52:07,05:44:20,Ironman 70.3 Haugesund,06/30/2019,"Haugesund, Norway"
24,Ole Stava,654,M50-54,NOR,00:39:58,02:45:44,02:07:03,05:44:31,Ironman 70.3 Haugesund,06/30/2019,"Haugesund, Norway"
25,Per-Erik S Holm,516,M50-54,NOR,00:42:19,02:58:01,01:56:04,05:44:37,Ironman 70.3 Haugesund,06/30/2019,"Haugesund, Norway"
2,Team Tipple ,814,MRELAY,NOR,00:40:19,03:22:34,01:35:52,05:44:41,Ironman 70.3 Haugesund,06/30/2019,"Haugesund, Norway"
37,Sondre Runar Kjær,675,M45-49,NOR,00:40:48,03:07:27,01:44:49,05:45:30,Ironman 70.3 Haugesund,06/30/2019,"Haugesund, Norway"
48,Egil Andre Vedøy,629,M40-44,NOR,00:46:01,02:58:41,01:49:05,05:46:05,Ironman 70.3 Haugesund,06/30/2019,"Haugesund, Norway"
12,Roberto Nishikawa,550,M55-59,BRA,00:37:47,03:11:06,01:46:49,05:46:28,Ironman 70.3 Haugesund,06/30/2019,"Haugesund, Norway"
37,Magnus Kallager,245,M25-29,NOR,00:41:09,02:50:12,02:05:14,05:46:31,Ironman 70.3 Haugesund,06/30/2019,"Haugesund, Norway"
16,Jonas Fjell,213,M18-24,NOR,00:34:34,02:54:07,02:05:14,05:46:40,Ironman 70.3 Haugesund,06/30/2019,"Haugesund, Norway"
38,Michael Windfeld,497,M45-49,NOR,00:35:33,03:09:48,01:53:19,05:46:46,Ironman 70.3 Haugesund,06/30/2019,"Haugesund, Norway"
53,André Strømmen,653,M30-34,NOR,00:36:17,02:57:00,02:04:36,05:46:51,Ironman 70.3 Haugesund,06/30/2019,"Haugesund, Norway"
-,Kappspiserlaget ,809,URELAY,NOR,00:31:15,03:28:02,01:42:01,05:46:55,Ironman 70.3 Haugesund,06/30/2019,"Haugesund, Norway"
54,Tommy Aasrum Dreng,289,M30-34,NOR,00:41:33,03:05:14,01:48:46,05:47:12,Ironman 70.3 Haugesund,06/30/2019,"Haugesund, Norway"
26,Laurent Deage,602,M50-54,FRA,00:34:56,02:59:23,02:04:49,05:47:22,Ironman 70.3 Haugesund,06/30/2019,"Haugesund, Norway"
27,Kjell Petter Bruun,503,M50-54,NOR,00:39:43,02:59:30,01:54:40,05:47:28,Ironman 70.3 Haugesund,06/30/2019,"Haugesund, Norway"
17,Steffen Tysse Sandvoll,232,M18-24,NOR,00:40:33,03:05:15,01:51:13,05:47:55,Ironman 70.3 Haugesund,06/30/2019,"Haugesund, Norway"
2,Solveig Gysland Saeby,580,F55-59,NOR,00:34:40,03:12:30,01:51:42,05:48:02,Ironman 70.3 Haugesund,06/30/2019,"Haugesund, Norway"
49,Kenneth Broch Johnsen,411,M40-44,NOR,00:33:53,02:57:51,02:06:02,05:48:18,Ironman 70.3 Haugesund,06/30/2019,"Haugesund, Norway"
8,Trude Sundsteigen,173,F40-44,NOR,00:33:50,03:15:19,01:50:23,05:48:30,Ironman 70.3 Haugesund,06/30/2019,"Haugesund, Norway"
28,Trond G. Waage,539,M50-54,NOR,00:38:12,03:05:46,01:52:37,05:48:32,Ironman 70.3 Haugesund,06/30/2019,"Haugesund, Norway"
39,J O Tertnes,494,M45-49,NOR,00:32:05,03:10:28,01:54:31,05:48:37,Ironman 70.3 Haugesund,06/30/2019,"Haugesund, Norway"
38,Eirik Lie,250,M25-29,NOR,00:40:03,03:01:22,01:57:18,05:48:43,Ironman 70.3 Haugesund,06/30/2019,"Haugesund, Norway"
43,Kim Vegard Rekvik,379,M35-39,NOR,00:38:26,03:00:09,02:02:36,05:48:46,Ironman 70.3 Haugesund,06/30/2019,"Haugesund, Norway"
4,Ewa Hellström,139,F35-39,SWE,00:40:38,03:06:59,01:50:38,05:48:56,Ironman 70.3 Haugesund,06/30/2019,"Haugesund, Norway"
3,Alberto Frigerio,559,M60-64,SUI,00:39:43,03:03:16,01:55:02,05:48:59,Ironman 70.3 Haugesund,06/30/2019,"Haugesund, Norway"
40,Jens Schultz,487,M45-49,GER,00:31:15,03:11:39,01:55:21,05:49:06,Ironman 70.3 Haugesund,06/30/2019,"Haugesund, Norway"
41,Tore August Bauer-Nilsen,449,M45-49,NOR,00:38:42,03:03:06,01:56:42,05:49:35,Ironman 70.3 Haugesund,06/30/2019,"Haugesund, Norway"
42,Trygve Lande,472,M45-49,NOR,00:34:21,03:05:07,02:00:36,05:49:54,Ironman 70.3 Haugesund,06/30/2019,"Haugesund, Norway"
18,André Birkeland,684,M18-24,NOR,00:37:48,03:02:28,01:59:00,05:50:30,Ironman 70.3 Haugesund,06/30/2019,"Haugesund, Norway"
55,Pieter Lozekoot,315,M30-34,NED,00:37:17,02:54:29,02:07:21,05:50:37,Ironman 70.3 Haugesund,06/30/2019,"Haugesund, Norway"
44,Tommy Ballestad,635,M35-39,NOR,00:35:38,02:55:08,02:09:24,05:50:37,Ironman 70.3 Haugesund,06/30/2019,"Haugesund, Norway"
56,Andre Håland Jensen,307,M30-34,NOR,00:38:20,03:03:29,01:56:45,05:50:40,Ironman 70.3 Haugesund,06/30/2019,"Haugesund, Norway"
4,Siv Helen Svanes,190,F45-49,NOR,00:39:53,03:05:15,01:48:28,05:51:00,Ironman 70.3 Haugesund,06/30/2019,"Haugesund, Norway"
57,Georgy Kachmazov,655,M30-34,RUS,00:40:26,03:08:18,01:48:57,05:51:16,Ironman 70.3 Haugesund,06/30/2019,"Haugesund, Norway"
58,Vitor Moritsugu,587,M30-34,BRA,00:39:44,03:06:41,01:52:55,05:51:17,Ironman 70.3 Haugesund,06/30/2019,"Haugesund, Norway"
9,Mette Wisbom Thomsen,176,F40-44,DEN,00:38:37,03:06:16,01:56:10,05:51:26,Ironman 70.3 Haugesund,06/30/2019,"Haugesund, Norway"
50,Bjarte Sivert Knudsen,627,M40-44,NOR,00:33:25,02:50:55,02:16:11,05:51:26,Ironman 70.3 Haugesund,06/30/2019,"Haugesund, Norway"
9,Diana Moravek,127,F30-34,NOR,00:36:55,03:01:55,01:57:29,05:51:27,Ironman 70.3 Haugesund,06/30/2019,"Haugesund, Norway"
29,Kristian Röhl,74,M50-54,DEN,00:40:40,02:59:46,02:01:51,05:51:39,Ironman 70.3 Haugesund,06/30/2019,"Haugesund, Norway"
13,Sven Simonsen,555,M55-59,GER,00:47:20,02:56:56,01:54:59,05:51:40,Ironman 70.3 Haugesund,06/30/2019,"Haugesund, Norway"
3,German Tri-Vikings ,810,MRELAY,GER,00:35:24,03:22:01,01:49:42,05:51:45,Ironman 70.3 Haugesund,06/30/2019,"Haugesund, Norway"
4,Bjørg Helene Hult,197,F50-54,NOR,00:34:53,03:10:08,01:58:37,05:52:12,Ironman 70.3 Haugesund,06/30/2019,"Haugesund, Norway"
59,Peter Støvne,652,M30-34,NOR,00:43:05,03:02:42,01:55:07,05:52:27,Ironman 70.3 Haugesund,06/30/2019,"Haugesund, Norway"
14,Robert Staples,631,M55-59,GBR,00:40:10,03:06:08,01:46:49,05:52:35,Ironman 70.3 Haugesund,06/30/2019,"Haugesund, Norway"
5,Monique Richter,10,F35-39,GER,00:33:52,03:11:57,01:58:24,05:52:38,Ironman 70.3 Haugesund,06/30/2019,"Haugesund, Norway"
5,Mia Johansson,185,F45-49,SWE,00:38:05,03:07:28,01:58:31,05:53:02,Ironman 70.3 Haugesund,06/30/2019,"Haugesund, Norway"
10,Alice Stieber,611,F30-34,GER,00:39:34,03:05:17,02:00:16,05:53:09,Ironman 70.3 Haugesund,06/30/2019,"Haugesund, Norway"
15,Carl Klein,549,M55-59,NED,00:37:14,02:57:22,02:06:38,05:53:22,Ironman 70.3 Haugesund,06/30/2019,"Haugesund, Norway"
43,Jindrich Radisch,484,M45-49,CZE,00:42:11,03:07:36,01:46:53,05:54:08,Ironman 70.3 Haugesund,06/30/2019,"Haugesund, Norway"
4,Louis Méjias,624,M60-64,FRA,00:40:16,03:04:57,01:58:46,05:54:12,Ironman 70.3 Haugesund,06/30/2019,"Haugesund, Norway"
60,Christoffer Okland Oftedal,325,M30-34,NOR,00:35:37,03:04:25,02:01:31,05:54:50,Ironman 70.3 Haugesund,06/30/2019,"Haugesund, Norway"
16,Jean Englebert,546,M55-59,BEL,00:35:05,03:04:24,02:01:38,05:54:56,Ironman 70.3 Haugesund,06/30/2019,"Haugesund, Norway"
44,Wim Verstraeten,84,M45-49,BEL,00:38:24,02:59:51,02:09:33,05:55:02,Ironman 70.3 Haugesund,06/30/2019,"Haugesund, Norway"
17,Knut Hovem,605,M55-59,NOR,00:34:32,03:15:38,01:56:36,05:55:15,Ironman 70.3 Haugesund,06/30/2019,"Haugesund, Norway"
10,Alexandra Lange,164,F40-44,GER,00:34:14,03:09:26,02:01:45,05:55:24,Ironman 70.3 Haugesund,06/30/2019,"Haugesund, Norway"
39,Erlend Aasarmoen,271,M25-29,NOR,00:36:53,02:56:46,02:04:00,05:55:46,Ironman 70.3 Haugesund,06/30/2019,"Haugesund, Norway"
19,Trond Fjellet,665,M18-24,NOR,00:47:14,02:58:50,01:56:55,05:56:06,Ironman 70.3 Haugesund,06/30/2019,"Haugesund, Norway"
18,Ole Gundersen,548,M55-59,NOR,00:32:29,03:05:17,02:05:37,05:56:29,Ironman 70.3 Haugesund,06/30/2019,"Haugesund, Norway"
51,Daniel Sator,67,M40-44,GER,00:31:40,03:06:08,02:09:38,05:57:07,Ironman 70.3 Haugesund,06/30/2019,"Haugesund, Norway"
3,Sigrid Oen,95,F18-24,NOR,00:40:33,03:16:40,01:49:05,05:57:17,Ironman 70.3 Haugesund,06/30/2019,"Haugesund, Norway"
45,Svein Erik Karlsen,466,M45-49,NOR,00:36:30,03:06:18,02:00:35,05:57:38,Ironman 70.3 Haugesund,06/30/2019,"Haugesund, Norway"
5,Ronald Lemm,560,M60-64,GER,00:41:56,03:14:17,01:49:07,05:58:19,Ironman 70.3 Haugesund,06/30/2019,"Haugesund, Norway"
45,Joshua Hays,358,M35-39,USA,00:33:04,03:14:06,01:59:33,05:59:17,Ironman 70.3 Haugesund,06/30/2019,"Haugesund, Norway"
-,Eeaa Team ,801,URELAY,NOR,00:47:21,03:14:48,01:51:42,05:59:26,Ironman 70.3 Haugesund,06/30/2019,"Haugesund, Norway"
46,Erik Svanes,492,M45-49,NOR,00:39:55,02:59:00,02:02:50,05:59:55,Ironman 70.3 Haugesund,06/30/2019,"Haugesund, Norway"
6,Yolandi Maree,141,F35-39,RSA,00:40:43,03:13:49,01:54:24,05:59:55,Ironman 70.3 Haugesund,06/30/2019,"Haugesund, Norway"
7,Ingjerd Hauvik,137,F35-39,NOR,00:33:53,03:10:57,02:06:05,05:59:59,Ironman 70.3 Haugesund,06/30/2019,"Haugesund, Norway"
47,Roy Andre Osvold,481,M45-49,NOR,00:36:03,03:00:24,02:08:06,05:59:59,Ironman 70.3 Haugesund,06/30/2019,"Haugesund, Norway"
11,Runa T. Øverland,610,F40-44,KOS,00:34:21,03:05:04,02:12:21,06:00:29,Ironman 70.3 Haugesund,06/30/2019,"Haugesund, Norway"
46,Vlad Hurezeanu,359,M35-39,ROU,00:41:57,03:06:01,02:00:03,06:00:31,Ironman 70.3 Haugesund,06/30/2019,"Haugesund, Norway"
12,Kimberlee Fischer,157,F40-44,USA,00:38:55,03:21:26,01:48:43,06:00:41,Ironman 70.3 Haugesund,06/30/2019,"Haugesund, Norway"
20,Henrik Vik,233,M18-24,NOR,00:41:11,03:08:50,01:57:49,06:00:48,Ironman 70.3 Haugesund,06/30/2019,"Haugesund, Norway"
19,Kurt Inge Dale,643,M55-59,NOR,00:35:33,03:04:34,02:08:46,06:01:05,Ironman 70.3 Haugesund,06/30/2019,"Haugesund, Norway"
1,Guy Liverton,38,M65-69,FRA,00:38:25,03:07:42,02:03:25,06:01:10,Ironman 70.3 Haugesund,06/30/2019,"Haugesund, Norway"
52,Marc Morgan-Davies,423,M40-44,ZIM,00:30:20,03:01:48,02:17:54,06:02:43,Ironman 70.3 Haugesund,06/30/2019,"Haugesund, Norway"
30,Petter Solheim,533,M50-54,NOR,00:38:20,03:04:57,02:02:24,06:03:06,Ironman 70.3 Haugesund,06/30/2019,"Haugesund, Norway"
61,Daniel Nordås,323,M30-34,NOR,00:40:39,03:13:10,01:57:49,06:03:37,Ironman 70.3 Haugesund,06/30/2019,"Haugesund, Norway"
31,Espen Sævold,536,M50-54,NOR,00:37:00,03:20:35,01:57:02,06:03:53,Ironman 70.3 Haugesund,06/30/2019,"Haugesund, Norway"
32,Alexandre Nunes,73,M50-54,BRA,00:36:33,03:11:45,01:59:50,06:04:09,Ironman 70.3 Haugesund,06/30/2019,"Haugesund, Norway"
47,Egil H. Gleditsch,354,M35-39,NOR,00:42:09,03:05:46,02:01:28,06:04:36,Ironman 70.3 Haugesund,06/30/2019,"Haugesund, Norway"
6,Andrzej Paw?owski,561,M60-64,POL,00:40:48,03:12:39,02:02:18,06:05:06,Ironman 70.3 Haugesund,06/30/2019,"Haugesund, Norway"
62,Alastair Craggs,287,M30-34,GBR,00:42:30,03:15:02,01:54:35,06:05:45,Ironman 70.3 Haugesund,06/30/2019,"Haugesund, Norway"
13,Irene Rey,44,F40-44,CAN,00:31:49,03:25:32,01:58:52,06:06:23,Ironman 70.3 Haugesund,06/30/2019,"Haugesund, Norway"
8,Mareike Lebok,140,F35-39,GER,00:37:43,03:15:23,02:03:49,06:06:35,Ironman 70.3 Haugesund,06/30/2019,"Haugesund, Norway"
48,Aleksander Snare,383,M35-39,NOR,00:45:17,03:03:43,02:04:03,06:06:38,Ironman 70.3 Haugesund,06/30/2019,"Haugesund, Norway"
33,David Galbraith,508,M50-54,NOR,00:38:00,03:11:12,02:02:15,06:06:43,Ironman 70.3 Haugesund,06/30/2019,"Haugesund, Norway"
49,Stian Revheim,380,M35-39,NOR,00:32:51,03:04:29,02:18:06,06:06:44,Ironman 70.3 Haugesund,06/30/2019,"Haugesund, Norway"
34,Jarle Mork Eikås,505,M50-54,NOR,00:49:04,02:57:21,02:06:12,06:07:00,Ironman 70.3 Haugesund,06/30/2019,"Haugesund, Norway"
11,Kristin Dahly,118,F30-34,NOR,00:34:03,03:18:14,02:08:17,06:07:03,Ironman 70.3 Haugesund,06/30/2019,"Haugesund, Norway"
9,Eimear Toomey,150,F35-39,IRL,00:46:40,03:04:26,02:04:47,06:07:38,Ironman 70.3 Haugesund,06/30/2019,"Haugesund, Norway"
63,Pieter Willems,341,M30-34,NED,00:32:56,03:06:00,02:18:24,06:07:55,Ironman 70.3 Haugesund,06/30/2019,"Haugesund, Norway"
35,Stefan Oud,529,M50-54,SWE,00:41:55,03:11:42,01:57:14,06:07:56,Ironman 70.3 Haugesund,06/30/2019,"Haugesund, Norway"
14,Ingebjørg Klausen,575,F40-44,NOR,00:53:42,03:17:18,01:45:30,06:08:05,Ironman 70.3 Haugesund,06/30/2019,"Haugesund, Norway"
40,Ole Knudsen,585,M25-29,NOR,00:42:59,03:02:24,02:00:32,06:08:21,Ironman 70.3 Haugesund,06/30/2019,"Haugesund, Norway"
7,Halvor Urrang,563,M60-64,NOR,00:37:27,03:09:28,02:09:24,06:08:48,Ironman 70.3 Haugesund,06/30/2019,"Haugesund, Norway"
41,Christoffer Kristensen,662,M25-29,NOR,00:36:32,03:22:00,01:59:20,06:09:08,Ironman 70.3 Haugesund,06/30/2019,"Haugesund, Norway"
15,Hanne Monica Storhagen,172,F40-44,NOR,00:38:37,03:17:19,01:59:07,06:09:32,Ironman 70.3 Haugesund,06/30/2019,"Haugesund, Norway"
21,Mikal Stueland Hisken,217,M18-24,NOR,00:35:01,03:18:02,02:01:13,06:10:02,Ironman 70.3 Haugesund,06/30/2019,"Haugesund, Norway"
48,Rasmus Evrin,640,M45-49,NOR,00:48:24,03:22:59,01:45:42,06:10:03,Ironman 70.3 Haugesund,06/30/2019,"Haugesund, Norway"
53,Jan-Erik Nedreaas,424,M40-44,NOR,00:37:29,03:03:18,02:19:20,06:10:24,Ironman 70.3 Haugesund,06/30/2019,"Haugesund, Norway"
64,Matej Bencura,275,M30-34,SVK,00:36:45,03:15:30,02:04:57,06:10:29,Ironman 70.3 Haugesund,06/30/2019,"Haugesund, Norway"
16,Kathrin Petrow,167,F40-44,GER,00:39:47,03:16:41,01:58:41,06:10:45,Ironman 70.3 Haugesund,06/30/2019,"Haugesund, Norway"
54,Børre Karlsen,416,M40-44,NOR,00:39:23,03:12:39,02:01:50,06:11:02,Ironman 70.3 Haugesund,06/30/2019,"Haugesund, Norway"
49,Børre Storhagen,490,M45-49,NOR,00:35:02,03:18:33,01:59:47,06:11:02,Ironman 70.3 Haugesund,06/30/2019,"Haugesund, Norway"
50,Pavels Mazurs,478,M45-49,LAT,00:40:47,03:09:26,02:08:15,06:11:17,Ironman 70.3 Haugesund,06/30/2019,"Haugesund, Norway"
3,Linni Tiller,85,F55-59,NOR,00:36:40,03:20:36,02:02:48,06:12:31,Ironman 70.3 Haugesund,06/30/2019,"Haugesund, Norway"
55,Richard Grønlie,404,M40-44,NOR,00:44:20,03:04:21,02:05:04,06:12:56,Ironman 70.3 Haugesund,06/30/2019,"Haugesund, Norway"
51,Tom Guldhav,458,M45-49,NOR,00:45:41,03:10:58,02:01:17,06:13:06,Ironman 70.3 Haugesund,06/30/2019,"Haugesund, Norway"
65,Lars Anders Mikkelsen,318,M30-34,NOR,00:33:12,03:11:50,02:15:26,06:13:08,Ironman 70.3 Haugesund,06/30/2019,"Haugesund, Norway"
52,Torgeir Tangedal,493,M45-49,NOR,00:31:14,03:34:49,01:52:36,06:13:10,Ironman 70.3 Haugesund,06/30/2019,"Haugesund, Norway"
56,Marius Engen,399,M40-44,NOR,00:41:05,03:06:18,02:12:05,06:13:33,Ironman 70.3 Haugesund,06/30/2019,"Haugesund, Norway"
10,Sarah Hays,138,F35-39,USA,00:44:52,03:24:30,01:52:15,06:13:58,Ironman 70.3 Haugesund,06/30/2019,"Haugesund, Norway"
53,Andrey Korobko,469,M45-49,RUS,00:37:28,03:20:55,02:06:48,06:14:20,Ironman 70.3 Haugesund,06/30/2019,"Haugesund, Norway"
66,Morten Pettersen,651,M30-34,NOR,00:42:49,03:11:38,02:05:05,06:14:23,Ironman 70.3 Haugesund,06/30/2019,"Haugesund, Norway"
67,Svenn Erik Jacobsen,638,M30-34,NOR,00:37:44,03:21:54,02:03:53,06:14:24,Ironman 70.3 Haugesund,06/30/2019,"Haugesund, Norway"
7,Elina Kiviniemi,105,F25-29,SWE,00:34:50,03:35:25,01:53:15,06:14:54,Ironman 70.3 Haugesund,06/30/2019,"Haugesund, Norway"
5,Ann-Theres. Mosberg Solberg,205,F50-54,NOR,00:42:07,03:18:07,02:01:52,06:15:20,Ironman 70.3 Haugesund,06/30/2019,"Haugesund, Norway"
20,Ole Egil Flotve,681,M55-59,NOR,00:39:21,03:21:09,01:56:12,06:15:30,Ironman 70.3 Haugesund,06/30/2019,"Haugesund, Norway"
57,Emil Eklund,592,M40-44,NOR,00:29:46,03:16:39,02:17:34,06:15:36,Ironman 70.3 Haugesund,06/30/2019,"Haugesund, Norway"
21,Terje Granaas,78,M55-59,NOR,00:34:27,03:16:26,02:09:59,06:16:02,Ironman 70.3 Haugesund,06/30/2019,"Haugesund, Norway"
8,Erica Coburn,101,F25-29,USA,00:27:11,03:20:31,02:10:15,06:16:28,Ironman 70.3 Haugesund,06/30/2019,"Haugesund, Norway"
42,Alexander Rossel,256,M25-29,NOR,00:43:17,03:07:38,02:09:09,06:17:26,Ironman 70.3 Haugesund,06/30/2019,"Haugesund, Norway"
58,Erik Enersen,398,M40-44,NOR,00:42:56,03:20:10,02:00:56,06:18:26,Ironman 70.3 Haugesund,06/30/2019,"Haugesund, Norway"
59,Erik Anonsen,391,M40-44,NOR,00:41:36,03:07:35,02:14:24,06:18:43,Ironman 70.3 Haugesund,06/30/2019,"Haugesund, Norway"
12,Ingeborg Beate Jønsson,573,F30-34,NOR,00:45:38,03:28:50,01:54:04,06:18:58,Ironman 70.3 Haugesund,06/30/2019,"Haugesund, Norway"
50,Eivind Glærum,355,M35-39,NOR,00:39:03,03:26:26,02:00:16,06:18:59,Ironman 70.3 Haugesund,06/30/2019,"Haugesund, Norway"
54,Andrew Ho,462,M45-49,USA,00:38:40,03:32:45,01:54:39,06:18:59,Ironman 70.3 Haugesund,06/30/2019,"Haugesund, Norway"
9,Amalie Tranøy Hovden,103,F25-29,NOR,00:43:34,03:27:17,01:54:16,06:19:07,Ironman 70.3 Haugesund,06/30/2019,"Haugesund, Norway"
6,Anne Marie Hausland,195,F50-54,NOR,00:44:11,03:23:38,01:59:09,06:19:17,Ironman 70.3 Haugesund,06/30/2019,"Haugesund, Norway"
22,Andreas Helgesen Stien,227,M18-24,NOR,00:39:32,03:17:25,02:08:01,06:19:56,Ironman 70.3 Haugesund,06/30/2019,"Haugesund, Norway"
43,Christos Poulis,255,M25-29,GRE,00:35:37,03:31:22,02:02:23,06:20:00,Ironman 70.3 Haugesund,06/30/2019,"Haugesund, Norway"
51,Wojciech Wajda,387,M35-39,POL,00:45:43,03:18:04,02:06:27,06:20:19,Ironman 70.3 Haugesund,06/30/2019,"Haugesund, Norway"
22,Lars Wermskog,557,M55-59,NOR,00:50:09,03:12:54,02:00:25,06:20:33,Ironman 70.3 Haugesund,06/30/2019,"Haugesund, Norway"
11,Ingvil Skofteland,144,F35-39,NOR,00:45:59,03:24:32,02:00:34,06:20:52,Ironman 70.3 Haugesund,06/30/2019,"Haugesund, Norway"
68,Knut Gil Bjordal,279,M30-34,NOR,00:47:25,03:22:29,01:53:32,06:20:59,Ironman 70.3 Haugesund,06/30/2019,"Haugesund, Norway"
17,Ida Aagaard,179,F40-44,NOR,00:39:47,03:29:12,02:02:42,06:21:15,Ironman 70.3 Haugesund,06/30/2019,"Haugesund, Norway"
12,Dr. Kathrin Vergin,613,F35-39,GER,00:38:50,03:28:46,02:06:05,06:21:23,Ironman 70.3 Haugesund,06/30/2019,"Haugesund, Norway"
13,Linn Helen Torsvik,131,F30-34,NOR,00:41:41,03:25:42,02:01:45,06:22:03,Ironman 70.3 Haugesund,06/30/2019,"Haugesund, Norway"
6,Kirsten Poynter,189,F45-49,GBR,00:31:16,03:27:23,02:08:11,06:22:42,Ironman 70.3 Haugesund,06/30/2019,"Haugesund, Norway"
69,Leif Erik Gladstad,294,M30-34,NOR,00:31:20,03:31:12,02:08:03,06:22:44,Ironman 70.3 Haugesund,06/30/2019,"Haugesund, Norway"
4,Frida Anette Sollid,96,F18-24,NOR,00:40:13,03:25:54,02:01:14,06:23:24,Ironman 70.3 Haugesund,06/30/2019,"Haugesund, Norway"
23,Markus Skår,225,M18-24,NOR,00:40:16,03:25:45,02:01:15,06:23:25,Ironman 70.3 Haugesund,06/30/2019,"Haugesund, Norway"
70,Christian Maisch,316,M30-34,GER,00:34:25,03:26:05,02:05:10,06:23:58,Ironman 70.3 Haugesund,06/30/2019,"Haugesund, Norway"
71,Michael McGrady,317,M30-34,RSA,00:30:13,03:33:12,02:05:07,06:24:06,Ironman 70.3 Haugesund,06/30/2019,"Haugesund, Norway"
13,Sinead Wyer,154,F35-39,IRL,00:36:00,03:28:24,02:10:15,06:25:05,Ironman 70.3 Haugesund,06/30/2019,"Haugesund, Norway"
60,Tore Berland,393,M40-44,NOR,00:45:35,03:18:32,02:07:07,06:25:36,Ironman 70.3 Haugesund,06/30/2019,"Haugesund, Norway"
52,Jon Robinson,381,M35-39,USA,00:38:52,03:26:48,02:05:04,06:25:40,Ironman 70.3 Haugesund,06/30/2019,"Haugesund, Norway"
44,Nelson Andres Ballen Riveros,235,M25-29,COL,00:34:56,03:18:30,02:14:30,06:25:43,Ironman 70.3 Haugesund,06/30/2019,"Haugesund, Norway"
55,Daniel Jurado,465,M45-49,ESP,00:41:37,03:30:20,01:54:43,06:25:56,Ironman 70.3 Haugesund,06/30/2019,"Haugesund, Norway"
56,David Huanca,598,M45-49,PER,00:39:51,03:26:15,02:09:53,06:26:28,Ironman 70.3 Haugesund,06/30/2019,"Haugesund, Norway"
7,Rachel Vialou-Clark,191,F45-49,GBR,00:34:20,03:26:34,02:12:44,06:26:28,Ironman 70.3 Haugesund,06/30/2019,"Haugesund, Norway"
72,Espen Maage,320,M30-34,NOR,00:49:47,02:57:11,02:29:02,06:26:58,Ironman 70.3 Haugesund,06/30/2019,"Haugesund, Norway"
61,Matthijs Pouwels,429,M40-44,NED,00:35:16,03:30:04,02:04:02,06:27:01,Ironman 70.3 Haugesund,06/30/2019,"Haugesund, Norway"
36,Einar Ronæs,531,M50-54,NOR,00:40:14,03:16:45,02:10:33,06:27:28,Ironman 70.3 Haugesund,06/30/2019,"Haugesund, Norway"
18,Lene Rønnevik,614,F40-44,NOR,00:40:40,03:30:10,02:01:40,06:27:32,Ironman 70.3 Haugesund,06/30/2019,"Haugesund, Norway"
8,Vigdis Espenes,181,F45-49,NOR,00:34:27,03:22:49,02:15:39,06:27:40,Ironman 70.3 Haugesund,06/30/2019,"Haugesund, Norway"
5,Karina Vikse,618,F18-24,NOR,00:45:09,03:23:17,02:09:11,06:27:56,Ironman 70.3 Haugesund,06/30/2019,"Haugesund, Norway"
23,Vegard Stevning,556,M55-59,NOR,00:38:23,03:31:52,02:03:17,06:27:59,Ironman 70.3 Haugesund,06/30/2019,"Haugesund, Norway"
62,Peter Petrzela,427,M40-44,SVK,00:39:56,03:35:44,01:57:36,06:28:23,Ironman 70.3 Haugesund,06/30/2019,"Haugesund, Norway"
57,Yves Van Puymbroeck,496,M45-49,BEL,00:36:45,03:11:59,02:25:12,06:28:32,Ironman 70.3 Haugesund,06/30/2019,"Haugesund, Norway"
73,Tommy Frilund,293,M30-34,NOR,00:42:11,03:18:03,02:12:51,06:28:38,Ironman 70.3 Haugesund,06/30/2019,"Haugesund, Norway"
74,Halvor Tellefsen,338,M30-34,NOR,00:40:56,03:15:35,02:06:46,06:29:06,Ironman 70.3 Haugesund,06/30/2019,"Haugesund, Norway"
6,Emilia Ernstsson,93,F18-24,SWE,00:28:25,03:25:31,02:24:44,06:29:28,Ironman 70.3 Haugesund,06/30/2019,"Haugesund, Norway"
75,Kenny Tran,340,M30-34,USA,00:45:03,03:21:17,02:09:26,06:30:04,Ironman 70.3 Haugesund,06/30/2019,"Haugesund, Norway"
19,Irene Kjønnerød,609,F40-44,NOR,00:46:36,03:33:40,01:53:09,06:30:14,Ironman 70.3 Haugesund,06/30/2019,"Haugesund, Norway"
63,Simon Noel,425,M40-44,NOR,00:37:23,03:18:04,02:17:10,06:30:24,Ironman 70.3 Haugesund,06/30/2019,"Haugesund, Norway"
20,Kari Sigdestad,169,F40-44,NOR,00:30:13,03:53:01,01:54:16,06:30:27,Ironman 70.3 Haugesund,06/30/2019,"Haugesund, Norway"
24,Michal Forland,547,M55-59,NOR,00:42:27,03:08:57,02:26:22,06:30:43,Ironman 70.3 Haugesund,06/30/2019,"Haugesund, Norway"
9,Christiane Harwardt-Linde,183,F45-49,GER,00:38:35,03:29:14,02:13:12,06:30:57,Ironman 70.3 Haugesund,06/30/2019,"Haugesund, Norway"
37,Lars Bjarne Røvang,532,M50-54,NOR,00:43:01,03:16:37,02:15:34,06:31:33,Ironman 70.3 Haugesund,06/30/2019,"Haugesund, Norway"
10,Kristin Vassbotn Guldhav,182,F45-49,NOR,00:47:25,03:32:32,01:57:52,06:33:28,Ironman 70.3 Haugesund,06/30/2019,"Haugesund, Norway"
76,Thomas Bentsen,276,M30-34,NOR,00:33:58,03:53:01,01:56:04,06:33:35,Ironman 70.3 Haugesund,06/30/2019,"Haugesund, Norway"
77,Thomas Thorkildsen,339,M30-34,NOR,00:42:45,03:34:42,02:05:16,06:34:10,Ironman 70.3 Haugesund,06/30/2019,"Haugesund, Norway"
4,Novaform 2 ,803,MRELAY,NOR,00:43:47,03:37:02,02:07:01,06:34:18,Ironman 70.3 Haugesund,06/30/2019,"Haugesund, Norway"
58,Lars Rugaas,486,M45-49,NOR,00:50:52,03:12:23,02:19:06,06:35:09,Ironman 70.3 Haugesund,06/30/2019,"Haugesund, Norway"
21,Vanja Svendsen,577,F40-44,NOR,00:42:36,03:26:47,02:14:07,06:35:18,Ironman 70.3 Haugesund,06/30/2019,"Haugesund, Norway"
22,Liv Sæbø Stava,171,F40-44,NOR,00:46:24,03:20:27,02:13:48,06:35:21,Ironman 70.3 Haugesund,06/30/2019,"Haugesund, Norway"
14,Victoria Tortosa Rico,151,F35-39,ESP,00:34:51,03:43:38,01:54:56,06:35:25,Ironman 70.3 Haugesund,06/30/2019,"Haugesund, Norway"
4,Hanna Weinmann,208,F55-59,SUI,00:36:42,03:28:50,02:13:22,06:36:31,Ironman 70.3 Haugesund,06/30/2019,"Haugesund, Norway"
23,Hilde Vikse,178,F40-44,NOR,00:44:02,03:20:21,02:20:25,06:36:38,Ironman 70.3 Haugesund,06/30/2019,"Haugesund, Norway"
7,Jane Rae,203,F50-54,GBR,00:43:43,03:31:20,02:07:58,06:36:45,Ironman 70.3 Haugesund,06/30/2019,"Haugesund, Norway"
14,Karina Gansone,615,F30-34,LAT,00:55:53,03:12:44,02:06:19,06:37:06,Ironman 70.3 Haugesund,06/30/2019,"Haugesund, Norway"
64,Simon Kohler,418,M40-44,GER,00:38:49,03:45:35,01:54:47,06:38:01,Ironman 70.3 Haugesund,06/30/2019,"Haugesund, Norway"
-,Team Crossfit Haugesund ,804,URELAY,NOR,00:44:59,03:51:59,01:57:19,06:39:31,Ironman 70.3 Haugesund,06/30/2019,"Haugesund, Norway"
38,Phil Helmstetter,515,M50-54,USA,00:40:33,03:23:07,02:19:19,06:40:04,Ironman 70.3 Haugesund,06/30/2019,"Haugesund, Norway"
8,Amy Oen,201,F50-54,USA,00:39:58,03:33:36,02:11:40,06:40:11,Ironman 70.3 Haugesund,06/30/2019,"Haugesund, Norway"
25,Magnar Fjeldheim,604,M55-59,NOR,00:46:20,03:14:53,02:25:26,06:40:16,Ironman 70.3 Haugesund,06/30/2019,"Haugesund, Norway"
11,Sarka Mikova,46,F45-49,CZE,00:44:34,03:35:58,02:02:14,06:40:17,Ironman 70.3 Haugesund,06/30/2019,"Haugesund, Norway"
-,Novaform 1 ,802,URELAY,NOR,00:35:57,03:37:01,02:07:03,06:40:18,Ironman 70.3 Haugesund,06/30/2019,"Haugesund, Norway"
53,Marian Kopecky,365,M35-39,SVK,00:36:28,03:32:32,02:22:29,06:41:49,Ironman 70.3 Haugesund,06/30/2019,"Haugesund, Norway"
78,Florian Goilot,296,M30-34,FRA,00:36:58,03:45:37,02:02:37,06:41:50,Ironman 70.3 Haugesund,06/30/2019,"Haugesund, Norway"
59,Tore Malme,648,M45-49,NOR,00:54:52,03:20:42,02:07:22,06:41:55,Ironman 70.3 Haugesund,06/30/2019,"Haugesund, Norway"
45,Aleksander Nordal,632,M25-29,NOR,00:37:32,03:19:46,02:27:33,06:42:13,Ironman 70.3 Haugesund,06/30/2019,"Haugesund, Norway"
15,Janne Sørum,148,F35-39,NOR,00:46:45,03:31:58,02:10:24,06:42:38,Ironman 70.3 Haugesund,06/30/2019,"Haugesund, Norway"
1,Kerstin Storsveen,209,F60-64,NOR,00:43:24,03:32:11,02:16:12,06:42:45,Ironman 70.3 Haugesund,06/30/2019,"Haugesund, Norway"
15,Linnea Bickeboeller,117,F30-34,GER,00:38:00,03:34:16,02:15:41,06:43:27,Ironman 70.3 Haugesund,06/30/2019,"Haugesund, Norway"
9,Irene Stuvik,616,F50-54,KOS,00:41:16,03:22:27,02:18:20,06:43:58,Ironman 70.3 Haugesund,06/30/2019,"Haugesund, Norway"
12,Monica Helmstetter,184,F45-49,USA,00:42:13,03:32:24,02:12:44,06:44:42,Ironman 70.3 Haugesund,06/30/2019,"Haugesund, Norway"
54,Joshua Vacca,385,M35-39,USA,00:43:40,03:22:19,02:22:45,06:44:43,Ironman 70.3 Haugesund,06/30/2019,"Haugesund, Norway"
60,Svein Roar Sivertsen,488,M45-49,NOR,00:47:09,03:18:16,02:26:34,06:45:16,Ironman 70.3 Haugesund,06/30/2019,"Haugesund, Norway"
65,Krystian Radko,431,M40-44,POL,00:38:29,03:12:52,02:43:00,06:46:03,Ironman 70.3 Haugesund,06/30/2019,"Haugesund, Norway"
16,Hanne Fedje,122,F30-34,NOR,00:35:06,03:32:04,02:27:55,06:47:00,Ironman 70.3 Haugesund,06/30/2019,"Haugesund, Norway"
79,Morten Paulsen,327,M30-34,NOR,00:46:00,03:24:59,02:21:49,06:47:54,Ironman 70.3 Haugesund,06/30/2019,"Haugesund, Norway"
16,Kelly Rosana Blanquicet Villacob,574,F35-39,COL,00:49:06,03:43:01,02:01:32,06:48:24,Ironman 70.3 Haugesund,06/30/2019,"Haugesund, Norway"
66,Frode Sæverud,441,M40-44,NOR,00:40:45,03:21:33,02:34:24,06:49:03,Ironman 70.3 Haugesund,06/30/2019,"Haugesund, Norway"
24,Nicolai Birkeland,211,M18-24,NOR,00:34:45,03:32:12,02:30:42,06:49:47,Ironman 70.3 Haugesund,06/30/2019,"Haugesund, Norway"
17,Eimear Scully,142,F35-39,IRL,00:43:04,03:41:23,02:08:39,06:50:44,Ironman 70.3 Haugesund,06/30/2019,"Haugesund, Norway"
80,Daniela Øfelt,687,M30-34,NOR,00:45:46,03:33:37,02:19:04,06:50:52,Ironman 70.3 Haugesund,06/30/2019,"Haugesund, Norway"
24,Wenche Merethe Høyland,163,F40-44,NOR,00:39:27,03:36:11,02:23:47,06:51:01,Ironman 70.3 Haugesund,06/30/2019,"Haugesund, Norway"
67,David Harris,406,M40-44,GBR,00:36:09,03:35:10,02:25:13,06:51:44,Ironman 70.3 Haugesund,06/30/2019,"Haugesund, Norway"
26,Magued Sherif,621,M55-59,EGY,00:40:05,03:23:40,02:31:27,06:51:48,Ironman 70.3 Haugesund,06/30/2019,"Haugesund, Norway"
13,Anita Mayntzhusen,187,F45-49,DEN,00:36:52,03:41:36,02:23:24,06:52:59,Ironman 70.3 Haugesund,06/30/2019,"Haugesund, Norway"
81,Tor Kvinnesland,312,M30-34,NOR,00:49:39,03:12:12,02:34:17,06:53:18,Ironman 70.3 Haugesund,06/30/2019,"Haugesund, Norway"
25,Ingvild Saethre Gulling,608,F40-44,NOR,00:49:36,03:30:29,02:16:08,06:53:28,Ironman 70.3 Haugesund,06/30/2019,"Haugesund, Norway"
61,Truls Gulling,459,M45-49,NOR,00:44:37,03:04:30,02:47:04,06:53:31,Ironman 70.3 Haugesund,06/30/2019,"Haugesund, Norway"
25,Andreas Odland,677,M18-24,NOR,00:42:51,03:23:24,02:31:35,06:53:31,Ironman 70.3 Haugesund,06/30/2019,"Haugesund, Norway"
26,Morten Hagland,215,M18-24,NOR,00:40:31,03:28:23,02:31:44,06:54:11,Ironman 70.3 Haugesund,06/30/2019,"Haugesund, Norway"
26,Anette Hartviksen,158,F40-44,NOR,00:51:12,03:37:38,02:06:50,06:54:29,Ironman 70.3 Haugesund,06/30/2019,"Haugesund, Norway"
14,Imke Jurgens,578,F45-49,GER,00:41:40,03:40:26,02:17:51,06:54:36,Ironman 70.3 Haugesund,06/30/2019,"Haugesund, Norway"
10,Katie Bonawitz,98,F25-29,USA,00:43:10,03:31:05,02:27:59,06:56:08,Ironman 70.3 Haugesund,06/30/2019,"Haugesund, Norway"
68,Gwenvaël Loncle,420,M40-44,FRA,00:48:31,03:26:31,02:24:18,06:56:55,Ironman 70.3 Haugesund,06/30/2019,"Haugesund, Norway"
27,Ronny Sandanger,553,M55-59,NOR,00:41:06,03:35:58,02:23:08,06:57:10,Ironman 70.3 Haugesund,06/30/2019,"Haugesund, Norway"
62,Cedric Lemaitre,473,M45-49,FRA,00:32:06,03:24:25,02:46:15,06:58:51,Ironman 70.3 Haugesund,06/30/2019,"Haugesund, Norway"
27,Louise Sinclair,170,F40-44,GBR,00:38:15,03:52:28,02:16:55,06:59:21,Ironman 70.3 Haugesund,06/30/2019,"Haugesund, Norway"
27,Hauk Andreas Hetland Hauge,216,M18-24,NOR,00:43:26,03:24:41,02:31:23,06:59:26,Ironman 70.3 Haugesund,06/30/2019,"Haugesund, Norway"
17,Simone Peichl,128,F30-34,GER,00:44:07,03:36:20,02:31:07,07:01:04,Ironman 70.3 Haugesund,06/30/2019,"Haugesund, Norway"
55,Andreas Marberg,370,M35-39,NOR,00:45:09,03:34:17,02:26:31,07:01:12,Ironman 70.3 Haugesund,06/30/2019,"Haugesund, Norway"
39,Tom André Kårvik,522,M50-54,NOR,00:49:01,03:31:52,01:58:44,07:01:34,Ironman 70.3 Haugesund,06/30/2019,"Haugesund, Norway"
56,Jan Petter Rød Rasmussen,378,M35-39,NOR,00:51:21,03:08:11,02:42:23,07:02:16,Ironman 70.3 Haugesund,06/30/2019,"Haugesund, Norway"
10,Marie Helena Gundersen,194,F50-54,NOR,00:52:05,03:41:30,02:14:58,07:02:23,Ironman 70.3 Haugesund,06/30/2019,"Haugesund, Norway"
1,Gerd Weber,569,M70-74,USA,00:37:38,03:32:48,02:36:55,07:02:31,Ironman 70.3 Haugesund,06/30/2019,"Haugesund, Norway"
69,Jon Are Aslaksen,591,M40-44,NOR,01:01:41,03:15:38,02:28:05,07:03:37,Ironman 70.3 Haugesund,06/30/2019,"Haugesund, Norway"
11,Stine Wereide Rugland,108,F25-29,NOR,00:47:17,03:24:42,02:33:49,07:04:28,Ironman 70.3 Haugesund,06/30/2019,"Haugesund, Norway"
40,Oddbjørn Austad,500,M50-54,NOR,01:07:02,03:26:44,02:10:16,07:04:31,Ironman 70.3 Haugesund,06/30/2019,"Haugesund, Norway"
18,Gabriela Lucani,126,F30-34,VEN,00:36:30,03:55:23,02:15:07,07:04:58,Ironman 70.3 Haugesund,06/30/2019,"Haugesund, Norway"
82,Rune Strengelsrud,336,M30-34,NOR,00:41:02,03:27:57,02:42:04,07:06:21,Ironman 70.3 Haugesund,06/30/2019,"Haugesund, Norway"
11,Sarah Lanner,200,F50-54,GBR,00:42:29,03:24:37,02:39:18,07:06:22,Ironman 70.3 Haugesund,06/30/2019,"Haugesund, Norway"
28,Brede Y. S. Kristensen,220,M18-24,NOR,00:43:14,03:39:31,02:31:25,07:06:37,Ironman 70.3 Haugesund,06/30/2019,"Haugesund, Norway"
83,Petter Haaland,305,M30-34,NOR,00:39:10,18:21:25,08:23:32,07:06:37,Ironman 70.3 Haugesund,06/30/2019,"Haugesund, Norway"
12,Arnhild Sandal,204,F50-54,NOR,00:54:36,03:29:58,02:25:14,07:06:42,Ironman 70.3 Haugesund,06/30/2019,"Haugesund, Norway"
63,Geir Kvam,471,M45-49,NOR,00:38:34,03:32:37,02:37:06,07:07:11,Ironman 70.3 Haugesund,06/30/2019,"Haugesund, Norway"
18,Julia Sysoeva,619,F35-39,NOR,00:53:25,03:36:48,02:21:54,07:07:38,Ironman 70.3 Haugesund,06/30/2019,"Haugesund, Norway"
12,Birgitte Langaker,106,F25-29,NOR,00:46:25,03:44:14,02:21:32,07:08:11,Ironman 70.3 Haugesund,06/30/2019,"Haugesund, Norway"
28,Janee Henderson,160,F40-44,GBR,00:45:46,03:50:59,02:19:45,07:10:50,Ironman 70.3 Haugesund,06/30/2019,"Haugesund, Norway"
64,Stig Petter Hansen,461,M45-49,NOR,00:36:40,03:37:57,02:44:17,07:12:22,Ironman 70.3 Haugesund,06/30/2019,"Haugesund, Norway"
28,Albert Dyrness,77,M55-59,USA,00:51:32,03:55:05,02:10:23,07:12:26,Ironman 70.3 Haugesund,06/30/2019,"Haugesund, Norway"
65,Anatolij Novikov,480,M45-49,LTU,00:38:55,04:03:03,02:12:05,07:13:02,Ironman 70.3 Haugesund,06/30/2019,"Haugesund, Norway"
70,Rune Svendsen,440,M40-44,NOR,00:49:28,03:43:43,02:25:08,07:13:37,Ironman 70.3 Haugesund,06/30/2019,"Haugesund, Norway"
29,Sigrid Flo Eriksen,156,F40-44,NOR,00:52:40,03:43:32,02:22:56,07:15:12,Ironman 70.3 Haugesund,06/30/2019,"Haugesund, Norway"
19,Liz Wilson,153,F35-39,GBR,00:47:50,03:51:51,02:16:50,07:15:26,Ironman 70.3 Haugesund,06/30/2019,"Haugesund, Norway"
57,Daniel Opheim,373,M35-39,NOR,00:39:57,04:27:44,01:59:02,07:17:01,Ironman 70.3 Haugesund,06/30/2019,"Haugesund, Norway"
66,Søren Buchtrup,656,M45-49,DEN,01:02:45,03:22:41,02:39:06,07:18:09,Ironman 70.3 Haugesund,06/30/2019,"Haugesund, Norway"
8,Erlend Wedul,564,M60-64,NOR,00:41:54,03:22:29,02:59:15,07:18:54,Ironman 70.3 Haugesund,06/30/2019,"Haugesund, Norway"
84,Denys Gurak,297,M30-34,UKR,00:44:05,03:43:20,02:35:17,07:18:55,Ironman 70.3 Haugesund,06/30/2019,"Haugesund, Norway"
7,Mari Funabashi,571,F18-24,USA,00:36:17,03:50:13,02:44:21,07:24:21,Ironman 70.3 Haugesund,06/30/2019,"Haugesund, Norway"
71,Christian Andersen,390,M40-44,NOR,00:51:03,03:47:55,02:28:48,07:25:24,Ironman 70.3 Haugesund,06/30/2019,"Haugesund, Norway"
58,Joost Olivier Boelstra,372,M35-39,NED,00:48:18,03:42:38,02:33:22,07:27:32,Ironman 70.3 Haugesund,06/30/2019,"Haugesund, Norway"
67,Alexander Ratkevich,485,M45-49,RUS,00:40:58,03:55:35,02:36:37,07:30:34,Ironman 70.3 Haugesund,06/30/2019,"Haugesund, Norway"
13,Grace Chang,100,F25-29,USA,00:34:04,03:59:15,02:44:16,07:30:57,Ironman 70.3 Haugesund,06/30/2019,"Haugesund, Norway"
30,Renitta Rusman,168,F40-44,INA,00:44:31,03:39:16,02:51:59,07:36:03,Ironman 70.3 Haugesund,06/30/2019,"Haugesund, Norway"
2,Peter Spoor,567,M70-74,NED,00:44:08,03:52:58,02:39:22,07:38:45,Ironman 70.3 Haugesund,06/30/2019,"Haugesund, Norway"
68,Erick Carranza,454,M45-49,MEX,00:48:17,03:48:59,02:37:02,07:40:54,Ironman 70.3 Haugesund,06/30/2019,"Haugesund, Norway"
20,Lani Swart,147,F35-39,RSA,00:47:03,03:47:18,02:49:09,07:41:38,Ironman 70.3 Haugesund,06/30/2019,"Haugesund, Norway"
31,Sølvi Haugen,159,F40-44,NOR,00:51:02,03:50:40,02:43:59,07:45:18,Ironman 70.3 Haugesund,06/30/2019,"Haugesund, Norway"
41,Shawn Fitzpatrick,507,M50-54,USA,00:44:02,03:43:05,03:00:08,07:46:30,Ironman 70.3 Haugesund,06/30/2019,"Haugesund, Norway"
42,Alessandro Zordan,541,M50-54,ITA,00:48:14,04:05:27,02:32:34,07:50:10,Ironman 70.3 Haugesund,06/30/2019,"Haugesund, Norway"
3,Stein Tore Holsen Viken,568,M70-74,NOR,00:47:20,03:36:01,03:14:10,07:52:23,Ironman 70.3 Haugesund,06/30/2019,"Haugesund, Norway"
21,Malin Sjöholm,143,F35-39,SWE,00:35:33,03:48:58,03:09:18,07:53:13,Ironman 70.3 Haugesund,06/30/2019,"Haugesund, Norway"
14,Inger Helene Trollebø,113,F25-29,NOR,00:53:00,04:14:37,02:34:19,07:59:01,Ironman 70.3 Haugesund,06/30/2019,"Haugesund, Norway"
72,Hans Jacob Westbye,443,M40-44,NOR,00:47:39,03:34:20,03:23:49,08:02:50,Ironman 70.3 Haugesund,06/30/2019,"Haugesund, Norway"
19,Lise Austad,116,F30-34,NOR,00:56:13,04:03:58,02:48:09,08:05:02,Ironman 70.3 Haugesund,06/30/2019,"Haugesund, Norway"
32,Elin Mørk Bjerke,166,F40-44,NOR,00:50:18,04:12:23,02:51:43,08:08:26,Ironman 70.3 Haugesund,06/30/2019,"Haugesund, Norway"
13,Ursula Perez-Platz,579,F50-54,GER,00:51:01,04:08:08,03:14:24,08:32:14,Ironman 70.3 Haugesund,06/30/2019,"Haugesund, Norway"
22,Elin Thomassen,149,F35-39,NOR,00:57:13,04:19:46,02:59:26,08:34:33,Ironman 70.3 Haugesund,06/30/2019,"Haugesund, Norway"
14,Preeti Kamat,199,F50-54,IND,00:54:11,04:37:24,02:54:39,08:41:47,Ironman 70.3 Haugesund,06/30/2019,"Haugesund, Norway"
15,Rita Dewayanti Drachmann,193,F50-54,INA,00:54:52,04:40:53,03:42:29,09:44:00,Ironman 70.3 Haugesund,06/30/2019,"Haugesund, Norway"
69,Michael Drachmann,455,M45-49,DEN,01:00:59,04:35:08,03:42:30,09:44:01,Ironman 70.3 Haugesund,06/30/2019,"Haugesund, Norway"
